No,Name,Color,Type,Cost,Atk,Hit,Thema,Thema2,Ip,Trigger,Text,Text2
BT01-002,네온-블링 불렛,화염,유닛,1,2000,1,이펙트,엘리시온,승리의 여신: 니케,,[어태커] 이 공격이 끝날 때까지 파워+2000.,-
BT01-003,크로우,화염,유닛,1,3000,1,베이스,미실리스,승리의 여신: 니케,,,-
BT01-004,노이즈-클래식 디바,화염,유닛,1,1500,1,이펙트,테트라,승리의 여신: 니케,,[어태커]  관통[1] (이 유닛이 공격하여 상대 유닛을 전투로 트래시했다면 상대에게 1대미지를 준다).,-
BT01-005,라피-클래식 바캉스,화염,유닛,2,5000,1,이펙트,엘리시온,승리의 여신: 니케,,[패시브]  광전사 (이 유닛은 가능하다면 반드시 공격해야 한다).,-
BT01-006,아니스 : 스파클링 서머,화염,유닛,2,2500,1,이펙트,테트라,승리의 여신: 니케,트리거 / 이 카드를 트래시한다. 필드에 있는 상대 유닛을 1장 골라; 이 턴이 끝날 때까지 파워-5000.,[어태커] 이 공격이 끝날 때까지 파워+2000.\n[어태커]  약탈[1] (이 유닛이 공격하여 상대 유닛을 전투로 트래시했다면 카드를 1장 드로우한다).,-
BT01-007,클레이,화염,유닛,2,4000,1,베이스,테트라,승리의 여신: 니케,,,-
BT01-008,볼륨,화염,유닛,3,4000,1,이펙트,테트라,승리의 여신: 니케,,[패시브] 필드에 있는 [어태커]  관통 을 가진 모든 자신 유닛의 파워+1500.,-
BT01-009,베이,화염,유닛,3,4500,1,이펙트,테트라,승리의 여신: 니케,,[어태커] 이 공격이 끝날 때까지 파워+1000.,-
BT01-010,아리아,화염,유닛,3,5000,1,베이스,테트라,승리의 여신: 니케,,,-
BT01-011,네온 : 블루 오션,화염,유닛,4,4000,2,이펙트,엘리시온,승리의 여신: 니케,,[액티브메인] 필드에 있는 상대 유닛을 1장 골라; 이 턴이 끝날 때까지 파워-1500.,-
BT01-012,엠마-달링 레드,화염,유닛,4,5000,2,이펙트,엘리시온,승리의 여신: 니케,,[엔트리] 이 턴이 끝날 때까지 필드에 있는 모든 자신 유닛은 「 [어태커] 이 공격이 끝날 때까지 파워+1000 」 을 얻는다.,-
BT01-013,자칼,화염,유닛,4,5500,2,이펙트,미실리스,승리의 여신: 니케,,[어태커] 이 공격이 끝날 때까지 파워+1000.,-
BT01-014,홍련 : 흑영,화염,유닛,4,7500,2,이펙트,필그림,승리의 여신: 니케,트리거 / 이 카드를 트래시한다. 자신의 트래시 존에서 2코스트 이하인 유닛을 1장 골라 자신의 패에 넣는다.,[패시브]  광전사 (이 유닛은 가능하다면 반드시 공격해야 한다).,-
BT01-015,누아르-흑묘,화염,유닛,5,4500,2,이펙트,테트라,승리의 여신: 니케,,[엔트리] 이 턴이 끝날 때까지 조우 유닛의 파워-4000.,-
BT01-016,스노우 화이트 : 이노센트 데이즈,화염,유닛,6,7000,2,이펙트,필그림,승리의 여신: 니케,,[어태커] 이 공격이 끝날 때까지 파워+2000.,-
BT01-017,바이퍼-샤인 오브 러브,화염,유닛,6,5000,2,이펙트,테트라,승리의 여신: 니케,,[엔트리] 이 턴이 끝날 때까지 조우 유닛의 파워가 1000이 된다.,-
BT01-018,블랑-백묘,화염,유닛,7,7000,3,이펙트,테트라,승리의 여신: 니케,,[패시브] 필드에 있는 [어태커] 를 가진 모든 자신 유닛의 파워+2000.,-
BT01-019,레드 후드,화염,유닛,8,7000,3,이펙트,필그림,승리의 여신: 니케,트리거 / 이 카드를 자신의 패에 넣는다.,[엔트리] 이 턴이 끝날 때까지 필드에 있는 모든 자신 유닛은 [어태커]  관통[1] (이 유닛이 공격하여 상대 유닛을 전투로 트래시했다면 상대에게 1대미지를 준다)을 얻는다.,-
BT01-020,와일드 투스,화염,스킬,1,-,-,-,,승리의 여신: 니케,,필드에 있는 [어태커] 를 가진 유닛을 1장 고른다. 이 턴이 끝날 때까지 그 유닛은 [어태커] 관통[1] (이 유닛이 공격하여 상대 유닛을 전투로 트래시했다면 상대에게 1대미지를 준다)을 얻는다.,-
BT01-021,포메이션 F.F,화염,스킬,2,-,-,-,,승리의 여신: 니케,,이 턴이 끝날 때까지 필드에 있는 모든 상대 유닛의 파워-1000.,-
BT01-022,압도,화염,스킬,3,-,-,-,,승리의 여신: 니케,,필드에 있는 상대 유닛을 2장까지 골라; 이 턴이 끝날 때까지 파워-2000.,-
BT01-023,치얼업 투게더,화염,스킬,3,-,-,-,,승리의 여신: 니케,,이 턴이 끝날 때까지 필드에 있는 [어태커] 를 가진 모든 자신 유닛의 파워+2500.,-
BT01-024,피날레,화염,스킬,3,-,-,-,,승리의 여신: 니케,,필드에 있는 상대 유닛을 1장 골라; 이 턴이 끝날 때까지 파워-3000. 이 효과로 그 유닛을 트래시했다면 카드를 1장 드로우한다.,-
BT01-025,아군 합류,화염,스킬,4,-,-,-,,승리의 여신: 니케,,자신의 트래시 존에서 [어태커] 를 가진 유닛을 1장 골라 자신의 패에 넣는다.,-
BT01-026,갓데시움 글러브,화염,아이템,2,-,-,-,,승리의 여신: 니케,트리거 / 이 카드를 자신의 패에 넣는다.,[장착조건 없음]  [어태커]  관통[1] (이 유닛이 공격하여 상대 유닛을 전투로 트래시했다면 상대에게 1대미지를 준다).,-
BT01-027,노른 코드 고글,화염,아이템,3,-,-,-,,승리의 여신: 니케,,[장착조건 없음]  [어태커] 이 공격이 끝날 때까지 파워+2000.\n[어태커]  약탈[1] (이 유닛이 공격하여 상대 유닛을 전투로 트래시했다면 카드를 1장 드로우한다).,-
BT01-029,벨로타,대지,유닛,1,3000,1,이펙트,테트라,승리의 여신: 니케,,[엔트리] 상대의 턴이 끝날 때까지 파워+1000.,-
BT01-030,미카 : 스노우 버디,대지,유닛,1,2000,1,이펙트,테트라,승리의 여신: 니케,,[패시브]  전선구축[파워+3000] (자신의 모든 유닛 존에 유닛이 존재한다면 파워+3000).,-
BT01-031,앤 : 미라클 페어리,대지,유닛,1,3500,1,베이스,미실리스,승리의 여신: 니케,,,-
BT01-032,신,대지,유닛,2,4000,1,이펙트,미실리스,승리의 여신: 니케,,[패시브] 이 유닛의 파워가 필드에 있는 《베이스》를 가진 자신 유닛의 수×500만큼 증가한다.,-
BT01-033,도라-다크 로즈,대지,유닛,2,2500,1,이펙트,테트라,승리의 여신: 니케,,[엔트리] 이 턴이 끝날 때까지 히트+1.,-
BT01-034,길티-디스빌리프 웨이브,대지,유닛,2,5500,1,베이스,미실리스,승리의 여신: 니케,트리거 / 이 카드를 자신의 패에 넣는다.,,-
BT01-035,솔린,대지,유닛,3,4500,1,이펙트,엘리시온,승리의 여신: 니케,,[어태커]  돌파[1코스트 이하] (1코스트 이하인 상대 유닛은 이 유닛의 공격을 방어할 수 없다).,-
BT01-036,퀀시,대지,유닛,3,3500,1,이펙트,미실리스,승리의 여신: 니케,,[패시브] 필드에 있는 《베이스》를 가진 모든 자신 유닛의 파워+2000.,-
BT01-037,디젤-미드나잇 스트로베리,대지,유닛,3,4500,1,이펙트,엘리시온,승리의 여신: 니케,,[패시브]  전선구축[히트+1] (자신의 모든 유닛 존에 유닛이 존재한다면 히트+1).,-
BT01-038,루피,대지,유닛,4,4000,2,이펙트,테트라,승리의 여신: 니케,,[액티브메인] 자신의 패를 1장 골라 트래시한다. 그러면 필드에 있는 자신 유닛을 1장 골라; 이 턴이 끝날 때까지 파워+4000.,-
BT01-039,스노우 화이트-화이트 나이트,대지,유닛,4,5000,2,이펙트,필그림,승리의 여신: 니케,,[엔트리] 상대의 턴이 끝날 때까지 파워+3000.,-
BT01-040,루피 : 윈터 쇼퍼,대지,유닛,4,4000,2,이펙트,테트라,승리의 여신: 니케,,[패시브] 이 유닛의 파워가 자신의 리더 레벨×500만큼 증가한다.\n[패시브]  레벨링크[10: 히트+1] (자신의 리더 레벨이 10 이상이라면 히트+1).,-
BT01-041,얀-선라이즈 마켓,대지,유닛,5,6500,2,이펙트,테트라,승리의 여신: 니케,,[엔트리] 필드에 있는 자신 유닛을 1장 골라; 이 턴이 끝날 때까지 파워+2000.,-
BT01-042,나가,대지,유닛,5,7500,2,베이스,미실리스,승리의 여신: 니케,,,-
BT01-043,티아,대지,유닛,6,8500,2,베이스,미실리스,승리의 여신: 니케,,,-
BT01-044,라푼젤,대지,유닛,6,8000,2,이펙트,필그림,승리의 여신: 니케,트리거 / 이 카드를 트래시한다. 자신의 리더 레벨+1.,[엔트리] 자신의 덱 맨 위에서 카드를 3장 공개하고; 그 중 《베이스》를 가진 유닛을 1장 골라 자신의 패에 넣는다. 나머지는 모두 다시 덱에 넣고 섞는다.,-
BT01-045,브리드-블랙 문,대지,유닛,7,7500,3,이펙트,엘리시온,승리의 여신: 니케,,[패시브] 필드에 있는 1코스트인 모든 자신 유닛의 파워+2000.,-
BT01-046,홍련,대지,유닛,8,8000,3,이펙트,필그림,승리의 여신: 니케,트리거 / 이 카드를 자신의 패에 넣는다.,[엔트리] 필드에 있는 《베이스》를 가진 자신 유닛을 1장 고른다. 이 턴이 끝날 때까지 그 유닛은 [어태커] 돌파[3코스트 이하] (3코스트 이하인 상대 유닛은 이 유닛의 공격을 방어할 수 없다)를 얻는다.,-
BT01-047,순백의 의지,대지,스킬,1,-,-,-,,승리의 여신: 니케,,필드에 있는 《베이스》를 가진 1코스트인 자신 유닛을 1장 고른다. 이 턴이 끝날 때까지 그 유닛의 히트가 2가 된다.,-
BT01-048,파란 나비의 꿈,대지,스킬,2,-,-,-,,승리의 여신: 니케,,현재 필드에 있는 모든 자신 유닛은 상대의 턴이 끝날 때까지 파워+500.,-
BT01-049,디저트 타임,대지,스킬,3,-,-,-,,승리의 여신: 니케,,필드에 있는 《베이스》를 가진 자신 유닛의 수만큼 카드를 드로우한다.,-
BT01-050,설온제,대지,스킬,3,-,-,-,,승리의 여신: 니케,,자신의 모든 유닛 존에 유닛이 존재한다면 현재 필드에 있는 모든 자신 유닛은 상대의 턴이 끝날 때까지 파워+1500.,-
BT01-051,VIP 기프트,대지,스킬,3,-,-,-,,승리의 여신: 니케,트리거 / 이 카드를 트래시한다. 필드에 있는 3코스트 이하인 상대 유닛을 1장 골라 트래시한다.,자신의 덱 맨 위에서 카드를 3장 공개하고; 그 중 3코스트 이하인 카드를 모두 자신의 패에 넣는다. 나머지는 모두 다시 덱에 넣고 섞는다.,-
BT01-052,검신합일,대지,스킬,4,-,-,-,,승리의 여신: 니케,,현재 필드에 있는 《베이스》를 가진 모든 자신 유닛은 이 턴이 끝날 때까지 히트+1.,-
BT01-053,갓데시움 프로텍터,대지,아이템,2,-,-,-,,승리의 여신: 니케,,[장착조건 4코스트이하]  [어태커]  돌파[2코스트 이하] (2코스트 이하인 상대 유닛은 이 유닛의 공격을 방어할 수 없다).,-
BT01-054,아틀라스 패턴 건틀렛,대지,아이템,4,-,-,-,,승리의 여신: 니케,,[장착조건 없음] 파워+5000.,-
BT01-056,에테르,폭풍,유닛,1,1500,1,이펙트,미실리스,승리의 여신: 니케,,[엑시트] 필드에 있는 상대 유닛을 1장 골라; 이 턴이 끝날 때까지 파워-2000.,-
BT01-057,미하라,폭풍,유닛,1,2500,1,베이스,미실리스,승리의 여신: 니케,,,-
BT01-058,메이든-시크릿 너스,폭풍,유닛,1,3500,1,이펙트,엘리시온,승리의 여신: 니케,,[디펜더]  종결 (방어 선언 즉시 상대의 이번 공격을 종료하고 이 유닛을 트래시한다).,-
BT01-059,시그널,폭풍,유닛,2,3500,1,베이스,엘리시온,승리의 여신: 니케,,,-
BT01-060,애드미,폭풍,유닛,2,4500,1,이펙트,미실리스,승리의 여신: 니케,,[패시브] 이 유닛으로 공격하려면 자신의 패를 1장 골라 트래시해야 한다.,-
BT01-061,사쿠라 : 블룸 인 서머,폭풍,유닛,2,2000,1,이펙트,테트라,승리의 여신: 니케,,[액티브메인] 필드에 있는 자신 유닛을 2장 골라 그 중 1장을 트래시한다. 다른 유닛 1장은 이 턴이 끝날 때까지 파워+2000.,-
BT01-062,유니-러블리 핑크,폭풍,유닛,3,4500,1,베이스,미실리스,승리의 여신: 니케,,,-
BT01-063,엑시아-게이머즈,폭풍,유닛,3,3000,1,이펙트,테트라,승리의 여신: 니케,,[패시브] 필드에 있는 [엑시트]  공멸 을 가진 모든 자신 유닛의 파워+2000.,-
BT01-064,프리바티-연회의 공주,폭풍,유닛,3,3500,1,이펙트,엘리시온,승리의 여신: 니케,,[엔트리] 자신의 패를 2장 골라 트래시할 수 있다. 트래시했다면 조우 유닛을 트래시한다.,-
BT01-065,율하,폭풍,유닛,4,6500,2,이펙트,테트라,승리의 여신: 니케,,[패시브] 이 유닛으로 공격하려면 자신의 패를 1장 골라 트래시해야 한다.,-
BT01-066,노벨-펭귄 홈즈,폭풍,유닛,4,4000,2,이펙트,테트라,승리의 여신: 니케,,[엑시트] 상대의 패가 3장 이상이라면 상대는 상대의 패를 1장 골라 트래시해야 한다.,-
BT01-067,목단,폭풍,유닛,4,5000,2,이펙트,테트라,승리의 여신: 니케,,[엑시트]  공멸 (이 유닛을 전투로 트래시한 상대 유닛의 코스트가 이 유닛의 코스트 이하라면 그 유닛을 트래시한다).,-
BT01-068,D : 킬러 와이프,폭풍,유닛,5,5000,2,이펙트,엘리시온,승리의 여신: 니케,,[엑시트] 카드를 2장 드로우하고; 그 중 1장을 골라 트래시한다.,-
BT01-069,니힐리스타,폭풍,유닛,5,4500,2,이펙트,필그림,승리의 여신: 니케,,[엔트리] 조우 유닛이 2코스트 이하라면 그 유닛을 트래시한다.,-
BT01-070,길로틴,폭풍,유닛,6,8500,2,이펙트,엘리시온,승리의 여신: 니케,,[디펜더]  종결 (방어 선언 즉시 상대의 이번 공격을 종료하고 이 유닛을 트래시한다).,-
BT01-071,로산나 : 시크 오션,폭풍,유닛,6,7000,2,이펙트,테트라,승리의 여신: 니케,트리거 / 이 카드를 자신의 패에 넣는다.,[엔트리] 필드에 있는 자신 유닛을 1장 골라 트래시한다. 그러면 카드를 1장 드로우한다.,-
BT01-072,모더니아-세컨드 어펙션,폭풍,유닛,7,7000,3,이펙트,필그림,승리의 여신: 니케,,[패시브] 필드에 있는 다른 모든 자신 유닛은 「 [엑시트] 카드를 1장 드로우한다 」 를 얻는다.,-
BT01-073,신데렐라,폭풍,유닛,8,7500,3,이펙트,필그림,승리의 여신: 니케,트리거 / 이 카드를 트래시한다. 상대의 패가 3장 이상이라면 상대는 상대의 패를 1장 골라 트래시한다.,[엔트리] 자신의 패에 조우 유닛보다 코스트가 높은 유닛을 1장 골라 트래시할 수 있다. 트래시했다면 조우 유닛을 트래시한다.,-
BT01-074,시크릿 코드,폭풍,스킬,2,-,-,-,,승리의 여신: 니케,트리거 / 이 카드를 자신의 패에 넣는다.,자신의 필드에서 유닛을 1장 골라 트래시한다. 그 유닛의 히트만큼 카드를 드로우한다.,-
BT01-075,버닝 샷,폭풍,스킬,2,-,-,-,,승리의 여신: 니케,,자신의 패를 1장 골라 트래시한다. 그 카드와 같은 코스트를 가진 유닛을 필드에서 1장 골라 트래시한다.,-
BT01-076,마계흑룡파,폭풍,스킬,2,-,-,-,,승리의 여신: 니케,,필드에 있는 [엑시트]  공멸 을 가진 자신 유닛을 1장 골라; 이 턴이 끝날 때까지 파워+4500.,-
BT01-077,여긴 내가 맡는다!,폭풍,스킬,3,-,-,-,,승리의 여신: 니케,,필드에 있는 유닛을 1장 골라 그 유닛의 히트만큼 자신의 패를 트래시한다. 그러면 그 유닛을 트래시한다.,-
BT01-078,뷰티 풀 샷,폭풍,스킬,4,-,-,-,,승리의 여신: 니케,트리거 / 이 카드를 트래시한다. 자신의 트래시 존에서 [엑시트] 를 가진 유닛을 1장 골라 자신의 패에 넣는다.,고른 유닛의 코스트 합이 4코스트 이하가 되도록 필드에 있는 상대 유닛을 2장까지 골라 트래시한다.,-
BT01-079,EX 매거진,폭풍,스킬,5,-,-,-,,승리의 여신: 니케,,자신의 트래시 존에서 [엑시트] 를 가진 2코스트 이하인 유닛을 2장까지 골라 자신의 패에 넣는다.,-
BT01-080,갓데시움 바이저,폭풍,아이템,2,-,-,-,,승리의 여신: 니케,,[장착조건 없음]   [엑시트] 카드를 2장 드로우한다.,-
BT01-081,티탄 매터 부츠,폭풍,아이템,3,-,-,-,,승리의 여신: 니케,,[장착 조건: 엑시트를 가진 유닛]   [엑시트]  귀환 (이 턴이 끝날 때 이 유닛을 자신의 트래시 존에서 자신의 패로 되돌린다).,-
BT02-001,볼륨-비트 더 건,화염,유닛,1,2500,1,이펙트,테트라,승리의 여신: 니케,,[엔트리] 이 턴이 끝날 때까지 「 [어태커] 이 공격이 끝날 때까지 파워+1500 」 을 얻는다.,-
BT02-002,엠마-오피스 테라피,화염,유닛,3,4500,1,이펙트,엘리시온,승리의 여신: 니케,,[엔트리] 필드에 있는 모든 자신 유닛은 이 턴이 끝날 때까지 「 [어태커] 이 공격이 끝날 때까지 파워+500 」 을 얻는다.,-
BT02-003,레드 후드-넌센스 레드,화염,유닛,3,2500,1,이펙트,필그림,승리의 여신: 니케,트리거 / 이 카드를 자신의 패에 넣는다.,[어태커]  듀얼리스트 (이 유닛의 조우 유닛은 가능하다면 반드시 방어해야 한다).\n[어태커] 이 공격이 끝날 때까지 파워+4000.,-
BT02-004,루주,화염,유닛,4,6000,2,베이스,테트라,승리의 여신: 니케,,,-
BT02-005,라푼젤 : 퓨어 그레이스,화염,유닛,5,5500,2,이펙트,필그림,승리의 여신: 니케,,[어태커] 이 공격이 끝날 때까지 파워+3000.,-
BT02-006,바이퍼-톡신 래빗,화염,유닛,7,5500,3,이펙트,테트라,승리의 여신: 니케,,[엔트리] 자신의 트래시 존에서 2코스트 이하인 유닛 카드를 1장 골라 패에 넣는다.,-
BT02-007,글레링 아이즈,화염,스킬,3,-,-,-,,승리의 여신: 니케,,필드에 있는 모든 자신 유닛은 이 턴이 끝날 때까지 [어태커]  약탈[1] (이 유닛이 공격하여 상대 유닛을 전투로 트래시했다면 카드를 1장 드로우한다)을 얻는다.,-
BT02-008,더 게임 마스터,화염,스킬,4,-,-,-,,승리의 여신: 니케,,자신의 트래시 존에서 7코스트 이상인 유닛 카드를 1장 골라 패에 넣는다.,-
BT02-009,갓데시움 게이터,화염,아이템,2,-,-,-,,승리의 여신: 니케,트리거 / 이 카드를 트래시한다. 자신의 트래시 존에서 2코스트 이하인 유닛 카드를 1장 골라 패에 넣는다.,[장착조건 3코스트이하] 파워+4000. 광전사 (이 유닛은 가능하다면 반드시 공격해야 한다).,-
BT02-010,디젤-블랙 홀리데이,대지,유닛,1,2500,1,이펙트,엘리시온,승리의 여신: 니케,,[엔트리] 자신의 덱 맨 위에서 카드를 1장 공개하고; 그 중 《베이스》를 가진 유닛 카드를 1장 골라 패에 넣는다. 나머지는 모두 다시 덱에 넣고 섞는다.,-
BT02-011,마르차나-스쿨 데이즈,대지,유닛,3,6500,1,베이스,엘리시온,승리의 여신: 니케,트리거 / 이 카드를 트래시한다. 자신의 리더 레벨+1.,,-
BT02-012,루피-럭셔리 래빗,대지,유닛,3,5500,1,이펙트,테트라,승리의 여신: 니케,트리거 / 이 카드를 자신의 패에 넣는다.,[패시브] 필드에 있는 《베이스》를 가진 자신 유닛 1장마다 히트+1.,-
BT02-013,티아-러블리 데이트,대지,유닛,4,5500,2,이펙트,미실리스,승리의 여신: 니케,,[엔트리] 필드에 있는 자신 유닛을 1장 골라; 이 턴이 끝날 때까지 파워+2000.,-
BT02-014,퀀시 : 이스케이프 퀸,대지,유닛,7,9500,3,베이스,미실리스,승리의 여신: 니케,,,-
BT02-015,딸기향 이끌림,대지,스킬,1,-,-,-,,승리의 여신: 니케,,자신의 모든 유닛 존에 유닛이 존재한다면 리더 레벨+1.,-
BT02-016,위대한 도둑,대지,스킬,2,-,-,-,,승리의 여신: 니케,,필드에 있는 아이템을 1장 골라 트래시한다.,-
BT02-017,양호 선생님,대지,스킬,3,-,-,-,,승리의 여신: 니케,,필드에 있는 《베이스》를 가진 모든 자신 유닛은 상대의 턴이 끝날 때까지 파워+1500.,-
BT02-018,아틀라스 패턴 헬멧,대지,아이템,3,-,-,-,,승리의 여신: 니케,,[장착조건 베이스] 히트+1.,-
BT02-019,메이든 : 아이스 로즈,폭풍,유닛,1,1000,1,이펙트,엘리시온,승리의 여신: 니케,,[엑시트] 필드에 있는 자신 유닛을 1장 골라; 이 턴이 끝날 때까지 히트+1.,-
BT02-020,길로틴 : 윈터 슬레이어,폭풍,유닛,3,4000,1,이펙트,엘리시온,승리의 여신: 니케,,[패시브] 필드에 있는 다른 유닛이 1장 이상 효과로 트래시될 때마다; 이 턴이 끝날 때까지 파워+1000.,-
BT02-021,모더니아-퍼스트 어펙션,폭풍,유닛,4,6500,2,이펙트,필그림,승리의 여신: 니케,,[디펜더]  종결 (방어 선언 즉시 상대의 이번 공격을 종료하고 이 유닛을 트래시한다).,-
BT02-022,그레이브,폭풍,유닛,5,5000,2,이펙트,필그림,승리의 여신: 니케,트리거 / 이 카드를 자신의 패에 넣는다.,[액티브메인] 이 턴 동안 필드에서 효과로 트래시된 자신 유닛이 2장 이상이라면 상대에게 1대미지를 준다.,-
BT02-023,팬텀,폭풍,유닛,6,7500,2,베이스,엘리시온,승리의 여신: 니케,,,-
BT02-024,프리바티-거버먼트 노멀,폭풍,유닛,7,7000,3,이펙트,엘리시온,승리의 여신: 니케,,[엑시트] 공멸 (이 유닛을 전투로 트래시한 상대 유닛의 코스트가 이 유닛의 코스트 이하라면 그 유닛을 트래시한다).,-
BT02-025,라이터즈 스포일러,폭풍,스킬,2,-,-,-,,승리의 여신: 니케,트리거 / 이 카드를 트래시한다. 자신의 트래시 존에서 [엑시트] 를 가진 유닛 카드를 1장 골라 패에 넣는다.,자신의 트래시 존에서 [엑시트] 를 가진 2코스트 이하인 유닛 카드를 1장 골라 패에 넣는다.,-
BT02-026,신세계,폭풍,스킬,3,-,-,-,,승리의 여신: 니케,,자신의 패에서 유닛 카드를 1장 골라 트래시한다. 그 카드의 히트만큼 카드를 드로우한다.,-
BT02-027,매터 타입 : α 암가드,폭풍,아이템,1,-,-,-,,승리의 여신: 니케,,[장착조건 없음] 파워+4000.\n[패시브] 상대의 턴이 끝날 때 이 유닛을 트래시한다.,-
BT02-029,네베,파도,유닛,1,1500,1,이펙트,테트라,승리의 여신: 니케,,[디펜더] 이 방어가 끝날 때까지 파워+2000.,-
BT02-030,키리,파도,유닛,2,3000,1,이펙트,엘리시온,승리의 여신: 니케,,[가디언]  방벽[1] (인접한 레인에 있는 상대 유닛이 공격할 때 자신의 패를 1장 트래시하면 그 유닛의 공격을 방어한다).,-
BT02-031,에피넬,파도,유닛,2,2500,1,이펙트,미실리스,승리의 여신: 니케,,[디펜더] 이 방어가 끝날 때까지 파워+2000.,-
BT02-032,하란,파도,유닛,2,2500,1,이펙트,필그림,승리의 여신: 니케,,[어태커] 돌파[6코스트 이상] (6코스트 이상인 상대 유닛은 이 유닛의 공격을 방어할 수 없다).,-
BT02-033,폴크방,파도,유닛,3,4500,1,베이스,테트라,승리의 여신: 니케,,,-
BT02-034,앵커,파도,유닛,3,4000,1,이펙트,엘리시온,승리의 여신: 니케,,[가디언]  방벽[1] (인접한 레인에 있는 상대 유닛이 공격할 때 자신의 패를 1장 트래시하면 그 유닛의 공격을 방어한다).,-
BT02-035,마스트-파이레츠 하트,파도,유닛,3,1500,1,이펙트,엘리시온,승리의 여신: 니케,,[어태커]  침투[1] (상대 유닛이 이 유닛의 공격을 방어하지 않았다면 카드를 1장 드로우한다).,-
BT02-036,앨리스 : 원더랜드 바니,파도,유닛,3,4500,1,이펙트,테트라,승리의 여신: 니케,트리거 / 이 카드를 트래시한다. 필드에 있는 상대 유닛 중 코스트가 가장 낮은 유닛을 1장 골라 그 유닛과 그 유닛이 장착한 아이템을 모두 주인의 패로 되돌린다.,[엔트리] 필드에 있는 [가디언] 을 가진 자신 유닛을 1장 골라; 이 턴이 끝날 때까지 히트+1.,-
BT02-037,츠바이,파도,유닛,4,5500,2,베이스,엘리시온,승리의 여신: 니케,,,-
BT02-038,폴리,파도,유닛,4,4000,2,이펙트,엘리시온,승리의 여신: 니케,,[패시브] 필드에 있는 [디펜더] 를 가진 모든 자신 유닛의 파워+2000.,-
BT02-039,이사벨-허니문 파티,파도,유닛,4,4000,2,이펙트,필그림,승리의 여신: 니케,,[가디언] 방벽[2] (인접한 레인에 있는 상대 유닛이 공격할 때 자신의 패를 2장 트래시하면 그 유닛의 공격을 방어한다).\n[엔트리] 상대의 턴이 끝날 때까지 파워+2000.,-
BT02-040,페퍼,파도,유닛,5,5500,2,이펙트,미실리스,승리의 여신: 니케,,[엔트리] 카드를 1장 드로우한다.,-
BT02-041,도로시-노스텔지어,파도,유닛,5,3500,2,이펙트,필그림,승리의 여신: 니케,트리거 / 이 카드를 트래시한다. 카드를 1장 드로우한다.,[어태커] 자신의 패가 5장 이상이라면 이 공격이 끝날 때까지 돌파[6코스트 이상] (6코스트 이상인 상대 유닛은 이 유닛의 공격을 방어할 수 없다)을 얻는다.,-
BT02-042,루드밀라 : 윈터 오너,파도,유닛,5,1500,2,이펙트,테트라,승리의 여신: 니케,트리거 / 이 카드를 자신의 패에 넣는다.,[엔트리] 자신의 트래시 존에서 [트리거] 를 가지지 않은 스킬 카드를 1장 골라 덱 맨 위에 뒷면으로 놓는다.,-
BT02-043,루마니,파도,유닛,6,7000,2,이펙트,테트라,승리의 여신: 니케,트리거 / 이 카드를 트래시한다. 필드에 있는 상대 유닛 중 코스트가 가장 낮은 유닛을 1장 골라 그 유닛과 그 유닛이 장착한 아이템을 모두 주인의 패로 되돌린다.,[디펜더] 이 방어가 끝날 때까지 파워+4000.,-
BT02-044,아인,파도,유닛,6,7500,2,베이스,미실리스,승리의 여신: 니케,,,-
BT02-045,메어리 : 베이 갓데스,파도,유닛,7,7500,3,이펙트,테트라,승리의 여신: 니케,,[패시브] 자신과 상대의 턴마다 1번씩; 효과로 자신의 패를 1장 이상 트래시하면 카드를 1장 드로우한다.,-
BT02-046,헬름 : 아쿠아마린,파도,유닛,8,9000,3,이펙트,엘리시온,승리의 여신: 니케,트리거 / 이 카드를 자신의 패에 넣는다.,[가디언]  방벽[3] (인접한 레인에 있는 상대 유닛이 공격할 때 자신의 패를 3장 트래시하면 그 유닛의 공격을 방어한다).\n[패시브] 필드에 있는 3코스트 이상인 모든 상대 유닛은 광전사 (이 유닛은 가능하다면 반드시 공격해야 한다)를 얻는다.,-
BT02-047,폴리스 라인,파도,스킬,1,-,-,-,,승리의 여신: 니케,,필드에 있는 [디펜더] 를 가진 자신 유닛을 1장 골라; 이 턴이 끝날 때까지 파워+3500.,-
BT02-048,우리는 친구!,파도,스킬,2,-,-,-,,승리의 여신: 니케,,필드에 있는 [가디언] 을 가진 자신 유닛 1장과 [가디언] 을 가지지 않은 자신 유닛 1장을 고른다. 이 턴이 끝날 때까지 그 중 [가디언] 을 가지지 않은 유닛의 파워가 [가디언] 을 가진 유닛의 현재 파워만큼 증가한다.,-
BT02-049,이지스 캐논 견제 사격,파도,스킬,3,-,-,-,,승리의 여신: 니케,,필드에 있는 [디펜더] 를 가진 자신 유닛을 2장 고른다. 그러면 상대에게 1대미지를 준다. 고른 2장은 이 턴이 끝날 때까지 공격할 수 없다.,-
BT02-050,당근과 토끼 파티,파도,스킬,3,-,-,-,,승리의 여신: 니케,,필드에 있는 [가디언] 을 가진 자신 유닛을 1장 골라; 이 턴이 끝날 때까지 파워+2000. 자신의 패가 5장 이상이라면 추가로 이 턴이 끝날 때까지 히트+1.,-
BT02-051,해적의 안목,파도,스킬,4,-,-,-,,승리의 여신: 니케,,자신의 패를 2장 골라 트래시한다. 그러면 상대에게 1대미지를 준다.,-
BT02-052,세라믹 베스트,파도,아이템,0,-,-,-,,승리의 여신: 니케,,[장착조건 3코스트이하] 파워+1000.,-
BT02-053,갓데시움 자켓,파도,아이템,1,-,-,-,,승리의 여신: 니케,,[장착조건 가디언] 파워+2000.,-
BT02-054,노른 코드 글러브,파도,아이템,2,-,-,-,,승리의 여신: 니케,,[장착조건 4코스트이상]  [어태커]  침투[1] (상대 유닛이 이 유닛의 공격을 방어하지 않았다면 카드를 1장 드로우한다).,-
BT02-056,트로니,번개,유닛,1,1000,1,이펙트,미실리스,승리의 여신: 니케,,[엑시트] 자신의 트래시 존에서 1코스트인 아이템 카드를 1장 골라 패에 넣는다.,-
BT02-057,슈가-콜 미 하드보일드,번개,유닛,1,1500,1,이펙트,테트라,승리의 여신: 니케,트리거 / 이 카드를 트래시한다. 카드를 2장 드로우한다. 그러면 자신의 패를 2장 골라 트래시한다.,[암드] 이 유닛이 장착한 아이템 1장마다 파워+2000. 3장 이상 장착하고 있다면 추가로 「 [어태커] 카드를 1장 드로우한다 」 를 얻는다.,-
BT02-058,밀크,번개,유닛,2,3000,1,이펙트,테트라,승리의 여신: 니케,,[엑시트] 자신의 대미지 존에서 아이템 카드를 1장 골라 패에 넣는다. 그러면 패를 1장 골라 대미지 존에 놓는다.,-
BT02-059,에이드,번개,유닛,2,3500,1,이펙트,테트라,승리의 여신: 니케,,[엔트리] 필드에 있는 자신 유닛이 장착한 아이템을 1장 골라 주인의 패로 되돌릴 수 있다.,-
BT02-060,일레그,번개,유닛,2,3000,1,이펙트,미실리스,승리의 여신: 니케,,[패시브] 필드에 있는 아이템을 장착한 자신 유닛 1장마다 파워+2000. 아이템을 장착한 자신 유닛이 3장 이상이라면 추가로 히트+1.,-
BT02-061,코코아,번개,유닛,3,5000,1,베이스,테트라,승리의 여신: 니케,,-,-
BT02-062,프림-씨 오브 슬로스,번개,유닛,3,4000,1,이펙트,테트라,승리의 여신: 니케,,[암드] [어태커] 아이템을 장착하고 있다면 이 공격이 끝날 때까지 관통[1] (이 유닛이 공격하여 상대 유닛을 전투로 트래시했다면 상대에게 1대미지를 준다)을 얻는다.,-
BT02-063,레오나,번개,유닛,3,4000,1,이펙트,테트라,승리의 여신: 니케,트리거 / 이 카드를 트래시한다. 자신의 덱에서 1코스트 이하인 아이템 카드를 1장 골라 패에 넣는다. 덱을 섞는다.,[엔트리] 조우 유닛의 히트만큼 자신의 패에서 아이템 카드를 골라 트래시할 수 있다. 그러면 조우 유닛을 트래시한다.,-
BT02-064,비스킷,번개,유닛,4,6000,2,베이스,테트라,승리의 여신: 니케,,,-
BT02-065,라플라스,번개,유닛,4,5000,2,이펙트,미실리스,승리의 여신: 니케,,[암드 유니크] 《유니크》를 가진 아이템을 장착하고 있다면 파워+2500.,-
BT02-066,네로,번개,유닛,4,5000,2,이펙트,테트라,승리의 여신: 니케,,[암드] 아이템을 장착하고 있다면 전투나 효과로 트래시될 때 이 유닛이 장착한 아이템을 1장 골라 주인의 패로 되돌릴 수 있다.,-
BT02-067,크라운-네이키드 킹,번개,유닛,4,6000,2,이펙트,필그림,승리의 여신: 니케,트리거 / 이 카드를 자신의 패에 넣는다.,[암드 유니크] 《유니크》를 가진 아이템을 장착하고 있고 이 유닛이 장착한 아이템의 수가 조우 유닛의 히트 이상이라면 [어태커] 돌파 (상대 유닛은 이 유닛의 공격을 방어할 수 없다)를 얻는다.,-
BT02-068,리타-피쉬 가드,번개,유닛,5,6500,2,이펙트,미실리스,승리의 여신: 니케,,[엔트리] 자신의 덱 맨 위에서 카드를 2장 공개하고; 그 중 아이템 카드를 1장 골라 패에 넣는다. 나머지는 덱 맨 아래에 원하는 순서대로 놓는다.,-
BT02-069,드레이크-빌런 레이서,번개,유닛,5,5000,2,이펙트,미실리스,승리의 여신: 니케,,[암드] 이 유닛이 전투나 효과로 트래시될 때 장착한 아이템을 1장 골라 트래시할 수 있다. 그러면 이 유닛은 트래시되지 않는다.,-
BT02-070,센티-마이티 홀리데이,번개,유닛,6,8000,2,베이스,미실리스,승리의 여신: 니케,,,-
BT02-071,소다 : 트윙클링 바니,번개,유닛,6,6000,2,이펙트,테트라,승리의 여신: 니케,트리거 / 이 카드를 자신의 패에 넣는다.,[엔트리] 자신의 트래시 존에서 아이템 카드를 3장 골라 덱 맨 아래에 원하는 순서대로 놓을 수 있다. 그러면 조우 유닛을 트래시한다.,-
BT02-072,맥스웰-메카닉 화이트,번개,유닛,7,8000,3,이펙트,미실리스,승리의 여신: 니케,,[암드] 아이템을 장착하고 있다면 히트+1.,-
BT02-073,용기있는 시선,번개,스킬,1,-,-,-,,승리의 여신: 니케,,자신의 대미지 존에서 아이템 카드를 1장 골라 패에 넣는다. 그러면 패를 1장 골라 대미지 존에 놓는다.,-
BT02-074,식사 시간입니다; 주인님.,번개,스킬,1,-,-,-,,승리의 여신: 니케,트리거 / 이 카드를 트래시한다. 자신의 덱에서 1코스트 이하인 아이템 카드를 1장 골라 패에 넣는다. 덱을 섞는다.,자신의 덱에서 《유니크》를 가진 아이템 카드를 1장 골라 패에 넣는다. 덱을 섞는다.,-
BT02-075,비기너즈 베네핏,번개,스킬,2,-,-,-,,승리의 여신: 니케,,필드에 있는 아이템을 1장 골라 주인의 덱 맨 아래에 놓는다.,-
BT02-076,로얄 에타이어,번개,스킬,2,-,-,-,,승리의 여신: 니케,,자신의 트래시 존에서 1코스트 이하인 아이템 카드를 1장 골라 패에 넣는다.,-
BT02-077,고양이 보은,번개,스킬,3,-,-,-,,승리의 여신: 니케,,자신의 덱 맨 위에서 카드를 5장 공개하고; 그 중 아이템 카드를 2장까지 골라 패에 넣는다. 나머지는 덱 맨 아래에 원하는 순서대로 놓는다.,-
BT02-078,세라믹 고글,번개,아이템,0,-,-,유니크,,승리의 여신: 니케,,[장착조건 없음],-
BT02-079,갓데시움 부츠,번개,아이템,1,-,-,-,,승리의 여신: 니케,,[장착조건 없음]  [어태커] 이 공격이 끝날 때까지 파워+2000.,-
BT02-080,아틀라스 패턴 프로텍터,번개,아이템,2,-,-,-,,승리의 여신: 니케,,[장착조건 암드] 파워+3000.,-
BT02-081,패턴 시리즈 : 31 게이터,번개,아이템,2,-,-,유니크,,승리의 여신: 니케,,[장착조건 없음]  [패시브] 자신과 상대의 턴마다 1번씩; 이 유닛이 전투나 효과로 트래시될 때 이 유닛의 히트만큼 자신의 패를 골라 트래시할 수 있다. 그러면 이 유닛은 트래시되지 않는다.,-
BT03-002,바이퍼-샤인 오브 러브,화염,유닛,1,1500,1,이펙트,테트라,승리의 여신: 니케,,[어태커] 이 공격이 끝날 때까지 조우 유닛의 파워-1500.,-
BT03-003,홍련 : 흑영,화염,유닛,2,2000,1,이펙트,필그림,승리의 여신: 니케,,[어태커] 이 공격이 끝날 때까지 조우 유닛의 파워-2000.,-
BT03-004,아니스 : 스파클링 서머,화염,유닛,2,2500,1,이펙트,테트라,승리의 여신: 니케,,[엔트리] 필드에 있는 [어태커]  관통[1] 을 가진 자신 유닛을 1장 고른다. 그 유닛은 이 턴이 끝날 때까지 [어태커] 관통[2] (이 유닛이 공격하여 상대 유닛을 전투로 트래시했다면 상대에게 2대미지를 준다)를 얻고 파워+1000.,-
BT03-005,라피-화이트 프로미스,화염,유닛,3,3500,1,이펙트,엘리시온,승리의 여신: 니케,,[어태커] 이 공격이 끝날 때까지 파워+3000.,-
BT03-006,홍련 : 흑영-연화,화염,유닛,3,3500,1,이펙트,필그림,승리의 여신: 니케,,[엔트리] 자신의 스킬 존에서 스킬을 1장 골라 트래시할 수 있다. 그러면 카드를 1장 드로우한다.,-
BT03-007,베스티-아크 메이지,화염,유닛,4,4000,2,이펙트,엘리시온,승리의 여신: 니케,,[어태커] 자신의 패가 3장 이하라면 자신의 트래시 존에서 3코스트 이하인 스킬 카드를 1장 골라 패에 넣을 수 있다. 그러면 이 공격이 끝날 때까지 파워+2000.,-
BT03-008,노이즈-체리블로섬 스테이지,화염,유닛,4,5000,2,이펙트,테트라,승리의 여신: 니케,,[액티브: 메인] 자신의 스킬 존에서 2코스트 이하인 스킬을 1장 골라 트래시할 수 있다. 그러면 이 턴이 끝날 때까지 [어태커]  관통[1] (이 유닛이 공격하여 상대 유닛을 전투로 트래시했다면 상대에게 1대미지를 준다)을 얻는다.,-
BT03-009,브래디,화염,유닛,5,2500,2,이펙트,테트라,승리의 여신: 니케,트리거 / 이 카드를 트래시한다. 필드에 있는 상대 유닛을 1장 골라; 이 턴이 끝날 때까지 파워-5000.,[어태커] 자신의 패를 원하는 수만큼 골라 트래시한다. 이 턴이 끝날 때까지 트래시한 카드 1장마다 조우 유닛의 파워-2500.,-
BT03-010,크러스트,화염,유닛,6,4500,2,이펙트,테트라,승리의 여신: 니케,,[엔트리] 이 턴이 끝날 때까지 조우 유닛의 파워-4000. 이 효과로 그 유닛을 트래시했다면 카드를 1장 드로우한다.,-
BT03-011,라피 : 레드 후드,화염,유닛,7,6000,3,이펙트,엘리시온,승리의 여신: 니케,트리거 / 이 카드를 자신의 패에 넣는다.,[액티브: 메인] 자신의 스킬 존에서 스킬을 1장 골라 트래시할 수 있다. 그러면 자신의 트래시 존에서 그 카드보다 코스트가 낮은 카드를 1장 골라 패에 넣는다.\n[어태커] 이 공격이 끝날 때까지 파워+2000.,-
BT03-012,꽃구경하지 않겠는가.,화염,스킬,1,-,-,-,,승리의 여신: 니케,트리거 / 이 카드를 트래시한다. 자신의 트래시 존에서 2코스트 이하인 유닛 카드를 1장 골라 패에 넣는다.,자신의 패를 2장까지 고르고 나머지는 모두 트래시한다. 패가 3장이 될 때까지 카드를 드로우한다.,-
BT03-013,뉴 플레이버,화염,스킬,2,-,-,-,,승리의 여신: 니케,,필드에 있는 상대 유닛을 1장 고른다. 자신과 상대의 패 장수가 다르다면 이 턴이 끝날 때까지 그 차이 1장마다 그 유닛의 파워-1000.,-
BT03-014,폭발은 예술이다.,화염,스킬,2,-,-,-,,승리의 여신: 니케,,필드에 있는 [어태커] 를 가진 4코스트 이하인 자신 유닛을 1장 고른다. 그 유닛은 이 턴이 끝날 때까지 [어태커]  듀얼리스트 (이 유닛의 조우 유닛은 가능하다면 반드시 방어해야 한다)를 얻는다.,-
BT03-015,계승되는 힘,화염,스킬,4,-,-,-,,승리의 여신: 니케,,필드에 있는 상대 유닛을 1장 고른다. 자신의 패에서 유닛 카드를 1장 골라 트래시하면 이 턴이 끝날 때까지 그 유닛의 파워가 트래시한 유닛 카드의 파워만큼 감소한다.,-
BT03-016,티탄 매터 바이저,화염,아이템,1,-,-,-,,승리의 여신: 니케,,[장착 조건: 없음]  [어태커] 이 공격이 끝날 때까지 조우 유닛의 파워-1000. 이 효과로 그 유닛을 트래시했다면 이 유닛이 장착한 〈티탄 매터 바이저〉를 1장 골라 트래시할 수 있다. 그러면 카드를 2장 드로우한다.,-
BT03-017,티탄 매터 베스트,화염,아이템,2,-,-,-,,승리의 여신: 니케,,[장착 조건: 3코스트 이상인 유닛]  [액티브: 메인] 자신의 패를 1장 골라 트래시할 수 있다. 그러면 필드에 있는 상대 유닛을 1장 고른다. 그 유닛의 파워가 이 턴이 끝날 때까지 3000이 된다.,-
BT03-019,루피 : 윈터 쇼퍼,대지,유닛,1,2500,1,이펙트,테트라,승리의 여신: 니케,,[레벨링크: 6] 자신의 리더 레벨이 6 이상이라면 파워+2000.,-
BT03-020,트리나,대지,유닛,2,3500,1,이펙트,미실리스,승리의 여신: 니케,트리거 / 이 카드를 트래시한다. 필드에 있는 3코스트 이하인 상대 유닛을 1장 골라 트래시한다.,[레벨링크: 6] [전선구축] 자신의 리더 레벨이 6 이상이고 자신의 모든 유닛 존에 유닛이 존재한다면 파워+3000; 히트+1.,-
BT03-021,티아,대지,유닛,3,4000,1,이펙트,미실리스,승리의 여신: 니케,,[전선구축] [엔트리] 자신의 모든 유닛 존에 유닛이 존재한다면 리더 레벨+1.,-
BT03-022,플로라,대지,유닛,3,3000,1,이펙트,미실리스,승리의 여신: 니케,,[레벨링크: 6] [전선구축] 자신의 리더 레벨이 6 이상이고 자신의 모든 유닛 존에 유닛이 존재한다면 필드에 있는 3코스트 이하인 다른 모든 자신 유닛의 파워+2000.,-
BT03-023,브리드-클래식 워커,대지,유닛,4,4500,2,이펙트,엘리시온,승리의 여신: 니케,,[엔트리] 자신의 덱 맨 위에서 카드를 2장 공개하고; 그중 4코스트 이하인 유닛 카드를 1장 골라 패에 넣는다. 나머지는 모두 트래시한다.,-
BT03-024,홍련,대지,유닛,4,4000,2,이펙트,필그림,승리의 여신: 니케,,[패시브] 필드에 있는 다른 모든 자신 유닛의 히트 1마다 파워+1000.,-
BT03-025,디젤-스트로베리 플라워,대지,유닛,5,5500,2,이펙트,엘리시온,승리의 여신: 니케,,[엔트리] 자신의 리더 레벨이 10 이상이라면 카드를 1장 드로우한다. 아니라면 리더 레벨+1.,-
BT03-026,율리아-마일드 녹턴,대지,유닛,6,8500,2,베이스,미실리스,승리의 여신: 니케,,,-
BT03-027,신-백스트리트 드림,대지,유닛,6,7000,2,이펙트,미실리스,승리의 여신: 니케,,[액티브: 메인] 조우 유닛보다 파워가 3500 이상 높다면 이 턴이 끝날 때까지 [어태커]  관통[1] (이 유닛이 공격하여 상대 유닛을 전투로 트래시했다면 상대에게 1대미지를 준다)을 얻는다.,-
BT03-028,나가-라스트 걸후드,대지,유닛,9,10000,3,이펙트,미실리스,승리의 여신: 니케,트리거 / 이 카드를 자신의 패에 넣는다.,[레벨링크: 10] [어태커] 자신의 리더 레벨이 10 이상이라면 돌파[4코스트 이하] (4코스트 이하인 상대 유닛은 이 유닛의 공격을 방어할 수 없다)를 얻는다.,-
BT03-029,브랜드 뉴 이어,대지,스킬,2,-,-,-,,승리의 여신: 니케,,필드에 있는 5코스트 이상인 자신 유닛을 1장 골라; 이 턴이 끝날 때까지 히트+1.,-
BT03-030,최적의 경로,대지,스킬,3,-,-,-,,승리의 여신: 니케,,필드에 있는 3코스트 이하인 모든 자신 유닛은 이 턴이 끝날 때까지 히트+1. 3코스트 이하인 자신 유닛이 3장 이상이라면 추가로 카드를 1장 드로우한다.,-
BT03-031,축제의 끝,대지,스킬,3,-,-,-,,승리의 여신: 니케,,필드에 있는 3코스트 이하인 자신 유닛을 1장 고른다. 그 유닛의 파워가 조우 유닛의 파워보다 높다면 조우 유닛을 트래시한다.,-
BT03-032,시크릿 가든,대지,스킬,5,-,-,-,,승리의 여신: 니케,트리거 / 이 카드를 트래시한다. 자신의 리더 레벨+1.,필드에 있는 3코스트 이하인 모든 자신 유닛은 이 턴이 끝날 때까지 파워+5000. 3코스트 이하인 자신 유닛이 3장 이상이라면 추가로 히트+1.,-
BT03-033,레어 메탈 자켓,대지,아이템,0,-,-,-,,승리의 여신: 니케,,[장착 조건: 5코스트 이상인 유닛]  [패시브] 자신의 사이즈+1.,-
BT03-034,레어 메탈 고글,대지,아이템,3,-,-,-,,승리의 여신: 니케,,[장착 조건: 3코스트 이하인 유닛] 파워+2500; 히트+1.,-
BT03-036,로산나 : 시크 오션,폭풍,유닛,1,1000,1,이펙트,테트라,승리의 여신: 니케,,[엑시트] 필드에 있는 [엑시트] 를 가진 자신 유닛 1장마다 카드를 1장 드로우한다.,-
BT03-037,니힐리스타,폭풍,유닛,2,2000,1,이펙트,필그림,승리의 여신: 니케,,[엑시트] 필드에 있는 상대 유닛을 1장 고른다. 이 턴이 끝날 때까지 필드에 있는 [엑시트] 를 가진 자신 유닛 1장마다 그 유닛의 파워-2500.,-
BT03-038,모더니아-퍼스트 어펙션,폭풍,유닛,2,2500,1,이펙트,필그림,승리의 여신: 니케,,[엑시트] 상대의 패가 3장 이상이라면 자신의 패를 1장 골라 트래시할 수 있다. 그러면 상대는 패를 1장 골라 트래시한다.,-
BT03-039,신데렐라-유리 공주,폭풍,유닛,3,3000,1,이펙트,필그림,승리의 여신: 니케,,[엑시트] 자신의 트래시 존에서 4코스트인 유닛 카드를 1장 골라 패에 넣는다.,-
BT03-040,사쿠라-흑야암행,폭풍,유닛,4,5000,2,이펙트,테트라,승리의 여신: 니케,,[패시브] 상대가 [트리거] 가 아닌 효과로 카드를 드로우했다면 상대는 패를 4장만 남기고 모두 트래시한다.,-
BT03-041,미하라 : 본딩 체인,폭풍,유닛,4,5500,2,이펙트,미실리스,승리의 여신: 니케,트리거 / 이 카드를 자신의 패에 넣는다.,[가디언]  희생[1] (인접한 레인에 있는 상대 유닛이 공격할 때 필드에 있는 다른 자신 유닛을 1장 골라 트래시하면 그 유닛의 공격을 방어한다).\n[엑시트] 상대의 턴이라면 자신의 패에서 [엑시트] 를 가진 유닛 카드나 [엑시트] 를 가진 아이템 카드를 1장 골라 트래시할 수 있다. 그러면 유닛이 없는 자신의 유닛 존에 이 유닛 카드를 배치하고 추가로 자신의 턴이 끝날 때까지 파워+2500.,-
BT03-042,마나,폭풍,유닛,5,5500,2,이펙트,미실리스,승리의 여신: 니케,,[패시브] 이 턴 동안 트래시된 상대의 패가 1장 이상이라면 파워+2500.,-
BT03-043,메이든-언더 더 썬,폭풍,유닛,5,4500,2,이펙트,엘리시온,승리의 여신: 니케,,[엔트리] 조우 유닛이 4코스트 이하라면 그 유닛은 이 턴이 끝날 때까지 [디펜더]  종결 (방어 선언 즉시 상대의 이번 공격을 종료하고 이 유닛을 트래시한다)을 얻는다.,-
BT03-044,리틀 머메이드-어비스 플라워,폭풍,유닛,6,6000,2,이펙트,필그림,승리의 여신: 니케,트리거 / 이 카드를 트래시한다. 자신의 트래시 존에서 [엑시트] 를 가진 유닛 카드를 1장 골라 패에 넣는다.,[엔트리] 상대의 패가 1장 이하라면 조우 유닛을 트래시한다.\n[액티브: 메인] 상대의 패가 2장 이하라면 이 턴이 끝날 때까지 파워+3000.,-
BT03-045,D : 킬러 와이프-시크릿 파티 클리너,폭풍,유닛,7,7000,3,이펙트,엘리시온,승리의 여신: 니케,,[엔트리] 필드에 있는 자신 유닛을 1장 골라 트래시한다. 그러면 필드에 있는 모든 자신 유닛은 이 턴이 끝날 때까지 [엑시트]  귀환 (이 턴이 끝날 때 이 유닛 카드를 자신의 트래시 존에서 자신의 패로 되돌린다)을 얻는다.,-
BT03-046,킬 더 로드,폭풍,스킬,2,-,-,-,,승리의 여신: 니케,,필드에 있는 2코스트 이하인 자신 유닛을 1장 골라 트래시한다. 그러면 카드를 1장 드로우한다.,-
BT03-047,M.M.R. 연구소,폭풍,스킬,2,-,-,-,,승리의 여신: 니케,,필드에 있는 [엑시트] 를 가진 모든 자신 유닛은 이 턴이 끝날 때까지 파워+2000.,-
BT03-048,궤도 엘리베이터,폭풍,스킬,2,-,-,-,,승리의 여신: 니케,트리거 / 이 카드를 트래시한다. 상대의 패가 3장 이상이라면 상대는 패를 1장 골라 트래시한다.,자신의 트래시 존에서 4코스트 이상 6코스트 이하인 유닛 카드를 1장 골라 패에 넣는다.,-
BT03-049,본딩 페인,폭풍,스킬,3,-,-,-,,승리의 여신: 니케,,필드에 있는 자신 유닛을 1장 고른다. 필드에 있는 다른 모든 자신 유닛의 파워가 이 턴이 끝날 때까지 그 유닛의 파워만큼 증가한다. 그 유닛을 트래시한다.,-
BT03-050,갓데시움 베스트,폭풍,아이템,2,-,-,-,,승리의 여신: 니케,,[장착 조건: 없음]  [엑시트] 상대의 패가 3장 이하라면 필드에 있는 3코스트 이하인 상대 유닛을 1장 골라 트래시한다.,-
BT03-051,갓데시움 암가드,폭풍,아이템,3,-,-,-,,승리의 여신: 니케,,[장착 조건: 없음]  [액티브: 메인] 필드에 있는 [엑시트] 를 가진 다른 자신 유닛을 1장 고른다. 상대의 턴이 끝날 때까지 그 유닛이 가진 [엑시트] 효과를 하나 골라 얻는다.,-
BT03-053,루드밀라 : 윈터 오너,파도,유닛,1,2000,1,이펙트,테트라,승리의 여신: 니케,,[엔트리] 카드를 1장 드로우한다. 그러면 상대는 카드를 1장 드로우한다.,-
BT03-054,앨리스 : 원더랜드 바니,파도,유닛,2,2500,1,이펙트,테트라,승리의 여신: 니케,,[엔트리] 자신의 덱 맨 위에서 카드를 1장 트래시한다. 그 카드가 스킬 카드라면 효과를 발동할 수 있다. 아니라면 카드를 1장 드로우하고 상대는 카드를 1장 드로우한다.,-
BT03-055,메어리 : 베이 갓데스,파도,유닛,2,2500,1,이펙트,테트라,승리의 여신: 니케,,[엔트리] 자신의 덱 맨 위에서 카드를 3장 공개하고; 그중 스킬 카드를 1장 골라 패에 넣는다. 나머지는 모두 트래시한다.,-
BT03-056,하란-연회의 마녀,파도,유닛,3,2000,1,이펙트,필그림,승리의 여신: 니케,,[엔트리] 조우 유닛은 상대의 턴이 끝날 때까지 공격할 수 없다.\n[디펜더] 이 방어가 끝날 때까지 파워+2000.,-
BT03-057,폴크방-모이스트 래빗,파도,유닛,3,2500,1,이펙트,테트라,승리의 여신: 니케,트리거 / 이 카드를 트래시한다. 카드를 1장 드로우한다.,[액티브: 메인] 상대는 카드를 1장 드로우한다. 자신의 패에서 유닛 카드를 1장 골라 트래시한다. 상대는 트래시한 카드와 코스트가 같은 카드를 패에서 1장 골라 트래시할 수 있다. 트래시하지 않았다면 상대는 트래시한 유닛 카드의 히트만큼 대미지를 받는다.,-
BT03-058,페퍼-오션 비타민,파도,유닛,4,4000,2,이펙트,미실리스,승리의 여신: 니케,,[패시브] 필드에 있는 상대 유닛이 공격할 때마다 카드를 1장 드로우한다.,-
BT03-059,앵커 : 이노센트 메이드,파도,유닛,4,3000,2,이펙트,엘리시온,승리의 여신: 니케,,[엔트리] 자신의 패를 2장 골라 트래시할 수 있다. 그러면 상대의 턴이 끝날 때까지 상대는 패에서 5코스트 이상인 유닛을 배치할 수 없다.\n[디펜더] 이 방어가 끝날 때까지 파워+1000.,-
BT03-060,헬름-애프터 샤워,파도,유닛,5,4000,2,이펙트,엘리시온,승리의 여신: 니케,,[엔트리] 이 유닛은 이 턴이 끝날 때까지 공격할 수 없다. 상대의 패가 5장보다 많다면 그 차이만큼 상대에게 대미지를 준다.\n[디펜더] 이 방어가 끝날 때까지 파워+1000.,-
BT03-061,마스트 : 로망틱 메이드,파도,유닛,6,6000,2,이펙트,엘리시온,승리의 여신: 니케,트리거 / 이 카드를 자신의 패에 넣는다.,[가디언]  방벽[2] (인접한 레인에 있는 상대 유닛이 공격할 때 자신의 패를 2장 트래시하면 그 유닛의 공격을 방어한다).\n[디펜더] 이 방어가 끝날 때까지 파워+4000.,-
BT03-062,메어리-메디컬 래빗,파도,유닛,7,5500,3,이펙트,테트라,승리의 여신: 니케,,[엔트리] 자신의 패를 1장 골라 트래시할 수 있다. 그러면 자신의 스킬 존에서 스킬을 1장 골라 효과를 발동한다.\n[디펜더] 이 방어가 끝날 때까지 파워+2000.,-
BT03-063,다시 하면 돼!,파도,스킬,3,-,-,-,,승리의 여신: 니케,,필드에 있는 상대 유닛을 1장 고른다. 그 유닛은 상대의 턴이 끝날 때까지 공격할 수 없다.,-
BT03-064,로망틱 발렌타인,파도,스킬,3,-,-,-,,승리의 여신: 니케,트리거 / 이 카드를 트래시한다. 카드를 1장 드로우한다.,필드에 있는 [디펜더] 를 가진 자신 유닛을 1장 골라 그 유닛의 히트만큼 자신의 패를 골라 트래시할 수 있다. 그러면 조우 유닛을 주인의 패로 되돌린다.,-
BT03-065,따뜻한 목욕,파도,스킬,3,-,-,-,,승리의 여신: 니케,,필드에 있는 [엔트리] 를 가진 자신 유닛 1장마다 카드를 1장 드로우한다. 상대의 턴이 끝날 때까지 상대는 [엔트리] 효과를 발동할 수 없다.,-
BT03-066,블루워터 아일랜드,파도,스킬,5,-,-,-,,승리의 여신: 니케,,자신의 패가 7장 이상이라면 6장이 되도록 카드를 골라 트래시한다. 그러면 트래시한 카드 1장마다 상대에게 1대미지를 준다.,-
BT03-067,갓데시움 건틀렛,파도,아이템,2,-,-,-,,승리의 여신: 니케,,[장착 조건: 없음]  [엑시트] 자신의 패를 1장 골라 트래시할 수 있다. 그러면 유닛이 없는 자신의 유닛 존에 이 유닛 카드를 배치한다.,-
BT03-068,갓데시움 고글,파도,아이템,2,-,-,-,,승리의 여신: 니케,,[장착 조건: 디펜더를 가진 유닛] 파워+3000.,-
BT03-070,프리바티 : 언카인드 메이드,번개,유닛,1,2000,1,이펙트,엘리시온,승리의 여신: 니케,,[암드] 아이템을 장착하고 있다면 파워+2000.,-
BT03-071,드레이크-메이드 포 빌런,번개,유닛,2,3000,1,이펙트,미실리스,승리의 여신: 니케,,[엔트리] 필드에 아이템을 장착한 자신 유닛이 존재한다면 자신의 덱 맨 위에서 카드를 3장 공개하고; 그중 아이템 카드를 1장 골라 패에 넣는다. 나머지는 모두 트래시한다.,-
BT03-072,크라운,번개,유닛,2,2000,1,이펙트,필그림,승리의 여신: 니케,,[엑시트] 자신의 트래시 존에서 2코스트인 아이템 카드를 1장 골라 패에 넣는다.,-
BT03-073,소다 : 트윙클링 바니,번개,유닛,3,4500,1,이펙트,테트라,승리의 여신: 니케,트리거 / 이 카드를 트래시한다. 카드를 2장 드로우한다. 그러면 자신의 패를 2장 골라 트래시한다.,[암드] [액티브: 메인] 이 유닛이 장착한 아이템 1장마다 자신의 덱 맨 위에서 카드를 3장 트래시한다. 이 턴이 끝날 때까지 이 효과로 트래시된 아이템 카드 1장마다 히트+1.,-
BT03-074,트로니-스위트 스텝,번개,유닛,3,3000,1,이펙트,미실리스,승리의 여신: 니케,,[암드] 이 유닛이 장착한 아이템 1장마다 파워+1000. 2장 이상 장착하고 있다면 추가로 「 [엑시트] 필드에 있는 아이템을 장착하지 않은 유닛을 1장 골라 트래시할 수 있다」를 얻는다.,-
BT03-075,슈엔,번개,유닛,4,3500,2,이펙트,미실리스,승리의 여신: 니케,,[엔트리] 자신의 트래시 존에서 아이템 카드를 3장까지 골라 덱 맨 아래에 원하는 순서대로 놓을 수 있다. 놓은 카드의 코스트 합이 조우 유닛의 코스트 이상이라면 조우 유닛을 트래시한다.,-
BT03-076,레오나-주 키퍼,번개,유닛,4,5000,2,이펙트,테트라,승리의 여신: 니케,,[엑시트] 자신의 대미지 존에서 〈레오나-주 키퍼〉가 아닌 유닛 카드를 1장 골라 패에 넣는다. 그러면 이 유닛 카드를 대미지 존에 놓는다.,-
BT03-077,레비아탄,번개,유닛,5,5500,2,이펙트,필그림,승리의 여신: 니케,트리거 / 이 카드를 자신의 패에 넣는다.,[패시브] 이 유닛은 자신의 효과 이외의 방법으로 아이템을 장착할 수 없고 이름이 같은 아이템을 2장 이상 장착할 수 없다.\n[액티브: 메인] 자신의 트래시 존에서 아이템 카드를 2장까지 골라 사이즈를 무시하고 장착할 수 있다. 이 유닛이 장착한 모든 아이템은 이 턴이 끝날 때까지 0코스트가 된다.,-
BT03-078,슈가-와일드 백야드,번개,유닛,6,6000,2,이펙트,테트라,승리의 여신: 니케,,[암드] 아이템을 장착하고 있다면 전투나 효과로 트래시될 때 자신의 트래시 존에서 아이템 카드를 1장 골라 덱 맨 아래에 놓을 수 있다. 그러면 이 유닛과 이 유닛이 장착한 아이템을 모두 주인의 패로 되돌린다.,-
BT03-079,베히모스,번개,유닛,8,6500,3,이펙트,필그림,승리의 여신: 니케,,[엔트리] 자신의 트래시 존과 패에서 아이템 카드를 8장 골라 덱 맨 아래에 원하는 순서대로 놓을 수 있다. 그러면 코스트 합이 8코스트 이하가 되도록 필드에 있는 상대 유닛을 원하는 수만큼 골라 트래시한다. 이 효과로 트래시한 유닛 1장마다 카드를 1장 드로우한다.,-
BT03-080,죽으면 안 돼.,번개,스킬,1,-,-,-,,승리의 여신: 니케,,필드에 있는 자신 유닛을 1장 고른다. 그 유닛은 이 턴이 끝날 때까지 「 [패시브] 아이템을 1장 이상 장착할 때마다 카드를 1장 드로우한다」를 얻는다.,-
BT03-081,거대한 집게,번개,스킬,2,-,-,-,,승리의 여신: 니케,트리거 / 이 카드를 트래시한다. 자신의 덱에서 1코스트 이하인 아이템 카드를 1장 골라 패에 넣는다. 덱을 섞는다.,자신의 덱 맨 위에서 카드를 5장 트래시한다. 자신의 트래시 존에서 유닛 카드를 1장 골라 패에 넣는다.,-
BT03-082,빨리 오라고오오!!!!!,번개,스킬,2,-,-,-,,승리의 여신: 니케,,필드에 있는 자신 유닛 1장과 그 유닛이 장착한 아이템을 1장 고른다. 필드에 있는 다른 모든 자신 유닛은 이 턴이 끝날 때까지 그 아이템의 효과를 얻는다.,-
BT03-083,코드 넘버 : IX 고글,번개,아이템,2,-,-,유니크,,승리의 여신: 니케,,[장착 조건: 아이템을 장착한 유닛]  [패시브] 이 유닛이 전투나 효과로 트래시될 때 장착한 〈코드 넘버 : IX 고글〉을 1장 골라 트래시할 수 있다. 그러면 이 유닛과 이 유닛이 장착한 아이템을 모두 주인의 패로 되돌린다.,-
BT03-084,코드 넘버 : IX 슈즈,번개,아이템,2,-,-,-,,승리의 여신: 니케,,[장착 조건: 없음]  [액티브: 메인] 자신의 덱 맨 위에서 카드를 3장 트래시한다. 이 효과로 트래시된 아이템 카드가 1장 이상이라면 상대의 턴이 끝날 때까지 파워+3000.,-
BT03-085,코드 넘버 : IX 자켓,번개,아이템,3,-,-,유니크,,승리의 여신: 니케,,[장착 조건: 3코스트 이상인 유닛]  [어태커] 자신의 패를 1장 골라 트래시할 수 있다. 그러면 상대는 이 유닛의 히트만큼 패를 골라 트래시할 수 있다. 상대가 트래시하지 않았다면 조우 유닛을 트래시한다.,-
BT04-003,아이테르 : 이제라의 작은 별,화염,유닛,1,2000,1,이펙트,왕실,에픽세븐,,[어태커] 이 공격이 끝날 때까지 파워+2000.,-
BT04-004,연구자 캐롯,화염,유닛,1,1000,1,이펙트,레인가르,에픽세븐,,[엔트리] 자신의 덱 맨 위에서 카드를 3장 공개하고; 그중 《나탈론 학원》을 가진 카드를 1장 골라 패에 넣는다. 나머지는 모두 트래시한다.,-
BT04-005,프리다,화염,유닛,1,2000,1,이펙트,여름 스페셜,에픽세븐,,[엔트리] 자신의 덱 맨 위에서 카드를 1장 대미지 존에 놓을 수 있다. 그러면 카드를 1장 드로우한다.,-
BT04-006,한낮의 유영 플랑,화염,유닛,1,2000,1,이펙트,폴리티아,에픽세븐,,[패시브] 자신의 효과로 대미지 존에 있는 카드의 수를 참조할 때 자신의 대미지 존에 카드가 1장 더 있는 것으로 취급한다.\n[어태커] 이 공격이 끝날 때까지 파워+1000.,-
BT04-007,남국의 이세리아,화염,유닛,2,1500,1,이펙트,여름 스페셜,에픽세븐,,[어태커] 이 공격이 끝날 때까지 자신의 대미지 존에 있는 카드 1장마다 파워+500. 자신의 대미지 존에 있는 카드가 10장 이상이라면 추가로 히트+1.,-
BT04-008,수호천사 몽모랑시 : 잔잔한 물결,화염,유닛,2,2000,1,이펙트,여름 스페셜,에픽세븐,,[엔트리] 상대의 대미지 존에 있는 카드가 3장 이하라면 자신의 덱 맨 위에서 카드를 1장 대미지 존에 놓는다. 그러면 상대에게 1대미지를 준다. 4장 이상이라면 이 턴이 끝날 때까지 파워+3000.,-
BT04-009,여일의 디에리아 : 홍련의 투희,화염,유닛,2,3000,1,이펙트,미지의 세계,에픽세븐,,[어태커] 이 공격이 끝날 때까지 파워+2000.,-
BT04-010,유진,화염,유닛,2,2000,1,이펙트,나탈론 학원,에픽세븐,,[엔트리] 필드에 있는 다른 자신 유닛을 1장 골라; 이 턴이 끝날 때까지 파워+3000.\n[액티브: 메인] 이 유닛의 파워가 5000 이상이라면 이 턴이 끝날 때까지 조우 유닛의 파워-3000.,-
BT04-011,폭격형 카논 : 특별한 선물,화염,유닛,2,2500,1,이펙트,폴리티아,에픽세븐,,[어태커] 이 공격이 끝날 때까지 파워+3000.,-
BT04-012,폴리티스 : 여우 신사의 무녀,화염,유닛,2,2500,1,이펙트,폴리티아,에픽세븐,,[엔트리] 코스트가 자신의 대미지 존에 있는 카드의 수 이하이고 《여름 스페셜》을 가진 카드를 자신의 트래시 존에서 1장 골라 패에 넣는다.,-
BT04-013,방관자 화영,화염,유닛,2,2000,1,이펙트,나탈론 학원,에픽세븐,,[엔트리] 필드에 있는 다른 자신 유닛을 1장 골라; 이 턴이 끝날 때까지 파워+3000.\n[액티브: 메인] 이 유닛의 파워가 5000 이상이라면 자신의 덱 맨 위에서 카드를 1장 대미지 존에 놓는다. 그러면 카드를 2장 드로우한다.,-
BT04-014,랑디,화염,유닛,3,3000,1,이펙트,폴리티아,에픽세븐,,[패시브] 자신의 효과로 대미지 존에 있는 카드의 수를 참조할 때 자신의 대미지 존에 카드가 2장 더 있는 것으로 취급한다.\n[어태커] 이 공격이 끝날 때까지 파워+3500.,-
BT04-015,여름의 제자 알렉사,화염,유닛,3,3000,1,이펙트,여름 스페셜,에픽세븐,,[어태커] 자신과 상대의 대미지 존에 있는 카드가 5장 이상이라면 카드를 1장 드로우한다. 15장 이상이라면 추가로 카드를 1장 드로우한다.,-
BT04-016,후계자 태유,화염,유닛,3,2000,1,이펙트,나탈론 학원,에픽세븐,,[엔트리] 필드에 있는 다른 자신 유닛을 1장 골라; 이 턴이 끝날 때까지 파워+3000.\n[액티브: 메인] 이 유닛의 파워에 따라 아래 효과 중 하나를 고른다. ・5000 이상: 필드에 있는 다른 자신 유닛을 1장 골라; 이 턴이 끝날 때까지 파워+3000. ・8000 이상: 조우 유닛의 파워가 이 턴이 끝날 때까지 1000이 된다.,-
BT04-017,로빈,화염,유닛,3,3000,1,이펙트,레펀도스,에픽세븐,,[엔트리] 자신의 패를 1장 골라 트래시할 수 있다. 그러면 자신의 트래시 존에서 《계승자》를 가진 유닛 카드를 1장 골라 패에 넣는다.,-
BT04-018,전학생 아딘,화염,유닛,3,2000,1,이펙트,나탈론 학원,에픽세븐,,[엔트리] 필드에 있는 다른 자신 유닛을 1장 골라; 이 턴이 끝날 때까지 파워+3000.\n[액티브: 메인] 이 유닛의 파워에 따라 아래 효과 중 하나를 고른다. ・5000 이상: 필드에 있는 상대 유닛을 1장 골라; 이 턴이 끝날 때까지 파워-2000. ・8000 이상: 이 턴이 끝날 때까지 [어태커]  관통[1] 과 [어태커]  침투[1] 을 얻는다.,-
BT04-019,축제의 에다,화염,유닛,3,3000,1,이펙트,여름 스페셜,에픽세븐,,광전사 (이 유닛은 가능하다면 반드시 공격해야 한다).\n[어태커] 상대의 대미지 존에 있는 카드가 4장 이하라면 자신의 패를 1장 골라 자신의 대미지 존에 놓을 수 있다. 그러면 상대에게 1대미지를 준다. 5장 이상이라면 이 공격이 끝날 때까지 파워+4000.,-
BT04-020,빅토리카,화염,유닛,3,3000,1,이펙트,계승자,에픽세븐,,[패시브] 필드에 있는 《계승자》나 《과거 혹은 미래》를 가진 다른 자신 유닛 1장마다 파워+1000.\n[엔트리] 필드에 있는 《계승자》나 《과거 혹은 미래》를 가진 다른 자신 유닛 1장마다 카드를 1장 드로우한다.,-
BT04-021,아람,화염,유닛,3,4000,1,이펙트,여름 스페셜,에픽세븐,트리거 / 자신의 대미지 존에 있는 카드가 10장 이상이라면 이 카드를 트래시한다. 상대의 대미지 존에 있는 카드가 6장 이하라면 상대에게 1대미지를 준다.,[액티브: 어택] 자신과 상대의 대미지 존에 있는 카드가 10장 이상이라면 자신의 패를 1장 골라 트래시할 수 있다. 그러면 이 유닛은 이 턴의 어택 페이즈 중 1번 더 공격할 수 있다.\n[어태커] 이 공격이 끝날 때까지 파워+3000.,-
BT04-022,풍기위원 아리아,화염,유닛,3,2000,1,이펙트,나탈론 학원,에픽세븐,,[엔트리] 필드에 있는 다른 자신 유닛을 1장 골라; 이 턴이 끝날 때까지 파워+3000.\n[액티브: 메인] 이 유닛의 파워에 따라 아래 효과 중 하나를 고른다. ・5000 이상: 자신의 트래시 존에서 3코스트 이하이고 〈풍기위원 아리아〉 이외의 《나탈론 학원》을 가진 유닛 카드를 1장 골라 패에 넣는다. ・8000 이상: 이 턴이 끝날 때까지 [어태커]  듀얼리스트 를 얻는다.,-
BT04-023,세리스 : 푸른빛 진주,화염,유닛,4,4000,2,이펙트,여름 스페셜,에픽세븐,,[어태커] 공격이 끝날 때까지 자신의 대미지 존에 있는 카드 1장마다 파워+1000.,-
BT04-024,셀린 : 눈부신 여름,화염,유닛,4,4000,2,이펙트,여름 스페셜,에픽세븐,,[어태커] 자신과 상대의 대미지 존에 있는 카드가 20장 이상이라면 상대에게 1대미지를 준다.,-
BT04-025,고독한 늑대 페이라,화염,유닛,4,3000,2,이펙트,나탈론 학원,에픽세븐,트리거 / 이 카드를 트래시한다. 필드에 있는 유닛을 1장까지 골라; 자신의 턴이 끝날 때까지 파워-3000..,[엔트리] 필드에 있는 다른 자신 유닛을 1장 골라; 이 턴이 끝날 때까지 파워+3000.\n[액티브: 메인] 이 유닛의 파워에 따라 아래 효과 중 하나를 고른다. ・9000 이상: 필드에 있는 상대 유닛을 1장 골라; 이 턴이 끝날 때까지 파워-7000. ・12000 이상: 이 턴이 끝날 때까지 「 [어태커] 이 유닛이 공격하여 상대 유닛을 전투로 트래시했다면 이 턴의 어택 페이즈 중 1번 더 공격할 수 있다」를 얻는다.,-
BT04-026,바다 향기 루루카,화염,유닛,5,2500,2,이펙트,여름 스페셜,에픽세븐,,[어태커] 이 공격이 끝날 때까지 자신의 대미지 존에 있는 카드 1장마다 파워+1000. 자신의 대미지 존에 있는 카드가 5장 이상이라면 추가로 히트+1.,-
BT04-027,조장 아룬카,화염,유닛,5,3000,2,이펙트,나탈론 학원,에픽세븐,트리거 / 이 카드를 자신의 패에 넣는다.,[엔트리] 필드에 있는 다른 자신 유닛을 1장 골라; 이 턴이 끝날 때까지 파워+3000.\n[액티브: 메인] 이 유닛의 파워에 따라 아래 효과 중 하나를 고른다. ・6000 이상: 자신의 스킬 존에서 스킬을 1장 골라 트래시한다. ・9000 이상: 이 턴이 끝날 때까지 [어태커] 관통[1] 을 얻고 히트+1.,-
BT04-028,은빛 해일 화영,화염,유닛,6,6000,2,이펙트,여름 스페셜,에픽세븐,트리거 / 자신의 대미지 존에 있는 카드가 10장 이상이라면 이 카드를 트래시한다. 상대의 대미지 존에 있는 카드가 6장 이하라면 상대에게 1대미지를 준다.,[엔트리] 자신과 상대의 대미지 존에 있는 카드가 10장 이상이라면 이 턴이 끝날 때까지 상대는 [엑시트] 효과를 발동할 수 없다. 20장 이상이라면 추가로 필드에 있는 상대 유닛을 1장 고른다. 그 유닛은 이 턴이 끝날 때까지 「 [패시브] 이 유닛이 트래시될 때 이 유닛을 자신의 대미지 존에 놓는다」를 얻는다.,-
BT04-029,레테,화염,유닛,8,6000,3,이펙트,여름 스페셜,에픽세븐,트리거 / 이 카드를 자신의 패에 넣는다.,[엔트리] 자신과 상대의 대미지 존에 있는 카드가 10장 이상이라면 이 턴이 끝날 때까지 「 [패시브] 필드에 있는 다른 모든 자신 유닛의 파워+6000」을 얻는다. 20장 이상이라면 추가로 조우 유닛을 트래시한다.,-
BT04-030,단 하나의 위로,화염,스킬,1,-,-,-,,에픽세븐,,필드에 있는 자신 유닛을 1장 골라; 이 턴이 끝날 때까지 파워+3000.,-
BT04-031,XII. The Hanged Man,화염,스킬,1,-,-,-,,에픽세븐,,자신의 대미지 존에 있는 카드가 5장 이상이라면 카드를 1장 드로우한다. 추가로 이 턴이 끝날 때까지 자신의 효과로 대미지 존에 있는 카드의 수를 참조할 때 자신의 대미지 존에 카드가 3장 더 있는 것으로 취급한다.,-
BT04-032,매직 버블 메이커,화염,스킬,2,-,-,-,,에픽세븐,,필드에 있는 상대 유닛을 1장 고른다. 이 턴이 끝날 때까지 자신의 대미지 존에 있는 카드 1장마다 그 유닛의 파워-500.,-
BT04-033,함께한 우리의 계절,화염,스킬,2,-,-,-,,에픽세븐,,이 턴 동안 자신이 다음에 패에서 배치하는 유닛 1장은 이 턴이 끝날 때까지 [어태커]  약탈[1] (이 유닛이 공격하여 상대 유닛을 전투로 트래시했다면 카드를 1장 드로우한다)을 얻고 파워+3000.,-
BT04-034,고독의 기도,화염,스킬,3,-,-,-,,에픽세븐,,필드에 있는 모든 자신 유닛은 이 턴이 끝날 때까지 파워+2000. 자신과 상대의 대미지 존에 있는 카드가 10장 이상이라면 카드를 1장 드로우한다.,-
BT04-035,불타는 뒷골목,화염,스킬,3,-,-,-,,에픽세븐,트리거 / 이 카드를 자신의 패에 넣는다.,필드에 있는 자신 유닛과 상대 유닛을 1장씩 고른다. 이 턴이 끝날 때까지 상대 유닛의 파워가 자신 유닛의 파워만큼 감소한다. 그러면 고른 자신 유닛을 트래시한다.,-
BT04-036,적야의 선봉,화염,스킬,3,-,-,-,,에픽세븐,,필드에 있는 자신 유닛이 2장이라면 필드에 있는 모든 자신 유닛은 이 턴이 끝날 때까지 파워+3000.,-
BT04-037,약속된 영광,화염,스킬,4,-,-,성약,,에픽세븐,,자신은 이 턴이 끝날 때까지 《성약》을 가진 스킬을 발동할 수 없다. 자신의 트래시 존에서 4코스트 이하인 카드를 1장 골라 패에 넣는다. 그러면 패를 1장 골라 트래시한다. 필드에 있는 《계승자》를 가진 자신 유닛을 1장 고른다. 그 유닛은 이 턴이 끝날 때까지 0코스트가 된다. 그러면 카드를 1장 드로우한다.,-
BT04-038,지옥파멸 정수 로브,화염,아이템,1,-,-,-,,에픽세븐,,[장착 조건: 나탈론 학원을 가진 유닛]  [패시브] 자신의 턴 동안 파워+3000.,-
BT04-039,지옥파멸 정수 신발,화염,아이템,2,-,-,-,,에픽세븐,,[장착 조건: 여름 스페셜을 가진 유닛]  [어태커] 이 공격이 끝날 때까지 자신의 대미지 존에 있는 카드 1장마다 파워+1000. 자신과 상대의 대미지 존에 있는 카드가 15장 이상이라면 추가로 [어태커]  듀얼리스트 를 얻는다.,-
BT04-040,지옥파멸 정수 왕관,화염,아이템,3,-,-,-,,에픽세븐,,[장착 조건: 없음]  [패시브] 자신의 대미지 존에 있는 카드가 5장 이상이라면 [어태커]  관통[1] 을 얻는다. 10장 이상이라면 대신 [어태커]  관통[2] 를 얻는다.,-
BT04-043,전투형 마야,폭풍,유닛,1,3500,1,이펙트,만들어진 자들,에픽세븐,,[디펜더]  종결 (방어 선언 즉시 상대의 이번 공격을 종료하고 이 유닛을 트래시한다).,-
BT04-044,죄악의 안젤리카 : 별의 예언,폭풍,유닛,1,500,1,이펙트,미지의 세계,에픽세븐,,[엑시트] 자신의 덱 맨 위에서 카드를 3장 트래시한다. 이 효과로 트래시된 [엑시트] 를 가진 유닛 카드가 1장 이상이라면 카드를 1장 드로우한다.,-
BT04-045,벨리안 : 손 끝의 선율,폭풍,유닛,1,1000,1,이펙트,대적자,에픽세븐,,[엑시트] 효과로 트래시됐다면 자신의 패를 1장 골라 트래시할 수 있다. 그러면 이 턴이 끝날 때 비어 있는 자신의 유닛 존에 이 유닛 카드를 배치한다.,-
BT04-046,엘비라,폭풍,유닛,1,500,1,이펙트,생제라트,에픽세븐,,[엑시트] 필드에 있는 상대 유닛을 1장 골라; 자신의 턴이 끝날 때까지 파워-2000. 자신의 턴이라면 추가로 파워-1000.,-
BT04-047,유피네,폭풍,유닛,1,4000,1,이펙트,용의 계곡,에픽세븐,,[엑시트] 이 유닛을 자신의 대미지 존에 놓는다.,-
BT04-048,달토끼 도미니엘,폭풍,유닛,2,2500,1,이펙트,대양의 정복자,에픽세븐,,[액티브: 메인] 필드에 있는 다른 자신 유닛을 1장 골라 대미지 존에 놓는다. 그러면 이 턴이 끝날 때까지 파워+2000; 히트+1.,-
BT04-049,라이아,폭풍,유닛,2,2000,1,이펙트,다른 우주의 방문자,에픽세븐,,[엔트리] 필드에 있는 자신 유닛을 1장 골라; 이 턴이 끝날 때까지 「 [패시브] 이 턴이 끝날 때 이 유닛을 트래시한다」를 얻고 히트+1.\n[엑시트] 필드에 있는 자신 유닛을 1장 골라; 상대의 턴이 끝날 때까지 파워+2000.,-
BT04-050,로앤나,폭풍,유닛,2,2000,1,이펙트,다른 우주의 방문자,에픽세븐,,[패시브] 이 턴 동안 필드에서 트래시된 자신 유닛이 1장 이상이라면 이 턴이 끝날 때까지 파워+3000.,-
BT04-051,로제,폭풍,유닛,2,3000,1,이펙트,윈텐베르크,에픽세븐,,[엔트리] 자신의 패를 1장 골라 대미지 존에 놓는다. 그러면 카드를 1장 드로우한다.,-
BT04-052,메르세데스 : 복슬복슬 레이디,폭풍,유닛,2,2000,1,이펙트,호문클루스,에픽세븐,,[어태커] 이 턴이 끝날 때까지 「 [엑시트] 자신의 패를 1장 골라 트래시할 수 있다. 그러면 코스트가 이 턴 동안 《호문클루스》를 가진 자신 유닛이 공격한 수 이하인 카드를 자신의 트래시 존에서 1장 골라 패에 넣는다」를 얻는다.,-
BT04-053,알렌시아 : 겨울 선물 할머니,폭풍,유닛,2,1000,1,이펙트,용의 계곡,에픽세븐,,[엔트리] 카드를 2장 드로우할 수 있다. 그러면 자신의 패를 1장 골라 대미지 존에 놓는다.\n[패시브] 자신의 턴 동안 자신의 대미지 존에 있는 《용의 계곡》을 가진 카드 1장마다 파워+1000.,-
BT04-054,토라미,폭풍,유닛,2,2500,1,이펙트,다른 우주의 방문자,에픽세븐,,[엑시트] 자신의 트래시 존에서 《런웨이 파이터》를 가진 카드를 1장 골라 패에 넣는다.,-
BT04-055,화원의 리디카,폭풍,유닛,2,3000,1,이펙트,비밀의 화원,에픽세븐,,[액티브: 메인] 이 턴 동안 효과로 자신의 대미지 존에 카드가 놓였다면 카드를 1장 드로우한다.,-
BT04-056,라스트 피스 카린,폭풍,유닛,3,3500,1,이펙트,무결점 도시,에픽세븐,,[엔트리] 자신의 패를 1장 골라 트래시한다. 조우 유닛이 3코스트 이하라면 그 유닛을 트래시한다.,-
BT04-057,모르트,폭풍,유닛,3,6000,1,이펙트,용의 계곡,에픽세븐,,[엑시트] 이 유닛을 자신의 대미지 존에 놓는다.,-
BT04-058,벨로나,폭풍,유닛,3,6500,1,이펙트,특무대 팬텀,에픽세븐,,[엔트리] 필드에 있는 자신 유닛을 1장 골라 트래시한다. 그러면 이 턴이 끝날 때까지 히트+1.,-
BT04-059,별의 신탁 엘레나,폭풍,유닛,3,3500,1,이펙트,몰락의 대지,에픽세븐,,[액티브: 메인] 이 턴 동안 필드에서 트래시된 자신 유닛이 1장 이상이라면 필드에 있는 자신 유닛을 1장 골라; 이 턴이 끝날 때까지 파워+5000.,-
BT04-060,설국의 솔리타리아,폭풍,유닛,3,2000,1,이펙트,만들어진 자들,에픽세븐,,[엑시트] 필드에 있는 상대 유닛을 1장 골라; 상대의 턴이 끝날 때까지 파워-4000. 자신의 턴이라면 추가로 파워-1000.,-
BT04-061,페넬로페,폭풍,유닛,3,3500,1,이펙트,윈텐베르크,에픽세븐,,[액티브: 메인] 자신의 패에서 카드를 1장 골라 대미지 존에 놓는다. 그러면 자신의 트래시 존에서 유닛 카드를 1장 골라 패에 넣는다.,-
BT04-062,일편고월 벨로나,폭풍,유닛,3,3000,1,이펙트,런웨이 파이터,에픽세븐,,[엑시트] 자신의 패를 1장 골라 트래시할 수 있다. 그러면 자신의 트래시 존에서 2코스트 이하인 유닛 카드를 1장 골라 패에 넣는다. 《런웨이 파이터》를 가진 카드를 트래시했다면 2코스트 이하인 유닛 카드 대신 원하는 카드를 1장 골라 패에 넣을 수 있다.,-
BT04-063,세실리아 : 검은 날개의 몽마,폭풍,유닛,4,4000,2,이펙트,윈텐베르크,에픽세븐,,[액티브: 메인] 이 턴 동안 자신의 필드; 덱; 패에 있는 카드가 대미지 존에 놓였다면 카드를 1장 드로우한다.,-
BT04-064,루나,폭풍,유닛,4,3000,2,이펙트,용의 계곡,에픽세븐,,[엔트리] 자신의 트래시 존에서 카드를 1장 골라 대미지 존에 놓을 수 있다.\n[액티브: 메인] 조우 유닛의 코스트가 자신의 대미지 존에 있는 《용의 계곡》을 가진 카드의 수 미만이라면 자신의 패를 1장 골라 트래시한다. 그러면 조우 유닛을 트래시한다.,-
BT04-065,밤의 연회 릴리아스,폭풍,유닛,4,6000,2,이펙트,퍼랜드,에픽세븐,,[엔트리] 필드에 있는 자신 유닛을 1장 골라 트래시한다.\n[가디언]  희생[1] (인접한 레인에 있는 상대 유닛이 공격할 때 필드에 있는 다른 자신 유닛을 1장 골라 트래시하면 그 유닛의 공격을 방어한다).,-
BT04-066,바다의 유령 폴리티스,폭풍,유닛,4,4500,2,이펙트,대양의 정복자,에픽세븐,,[엑시트] 자신의 덱 맨 위에서 카드를 4장 공개할 수 있다. 그러면 그중 1장을 골라 대미지 존에 놓고 1장을 골라 패에 넣는다. 나머지는 모두 트래시한다.,-
BT04-067,라비 : 내달리는 무지개,폭풍,유닛,4,2500,2,이펙트,호문클루스,에픽세븐,,[어태커] 이 턴이 끝날 때까지 「 [엑시트] 이 턴 동안 《호문클루스》를 가진 자신 유닛이 공격한 수 이하의 코스트이고 〈라비 : 내달리는 무지개〉 이외의 《호문클루스》를 가진 유닛 카드를 자신의 트래시 존에서 1장 골라 비어 있는 자신의 유닛 존에 배치한다」를 얻는다.,-
BT04-068,심연의 유피네,폭풍,유닛,5,3000,2,이펙트,용의 계곡,에픽세븐,,[엔트리] 자신의 패에서 카드를 1장 골라 대미지 존에 놓을 수 있다. 놓지 않았다면 필드에 있는 자신 유닛을 1장 골라 트래시한다.\n[패시브] 자신의 대미지 존에 있는 《용의 계곡》을 가진 카드 1장마다 파워+1000. 자신의 대미지 존에 있는 《용의 계곡》을 가진 카드가 5장 이상이라면 추가로 히트+1.,-
BT04-069,진혼의 로앤나,폭풍,유닛,5,5000,2,이펙트,런웨이 파이터,에픽세븐,,[엑시트] 자신의 트래시 존에서 [트리거] 를 가지지 않고 카드명이 다른 카드를 6장 골라 덱 맨 아래에 원하는 순서대로 놓을 수 있다. 그러면 비어 있는 자신의 유닛 존에 이 유닛 카드를 배치한다. 고른 카드 중 《런웨이 파이터》를 가진 카드가 2장 이상이고 자신의 대미지 존에 있는 카드가 7장 이상이라면 자신의 대미지 존에서 카드를 1장 골라 트래시할 수 있다.,-
BT04-070,용의 반려 셰나,폭풍,유닛,5,6000,2,이펙트,대양의 정복자,에픽세븐,트리거 / 이 카드를 자신의 패에 넣는다.,[엔트리] 필드에 있는 자신 유닛을 1장 골라 트래시한다. 다른 자신 유닛을 트래시했다면 카드를 1장 드로우하고; 상대의 턴이 끝날 때까지 파워+2000.\n[엑시트] 자신의 패를 1장 골라 트래시할 수 있다. 그러면 [엔트리] ; [어태커] ; [액티브] 중 1개를 선언한다. 다음 턴이 끝날 때까지 상대는 그 효과를 발동할 수 없다.,-
BT04-071,세릴라,폭풍,유닛,6,6000,2,이펙트,레인가르,에픽세븐,,[엑시트] 효과로 트래시됐다면 자신의 패를 1장 골라 트래시할 수 있다. 그러면 상대에게 1대미지를 준다.,-
BT04-072,신월의 루나,폭풍,유닛,6,6000,2,이펙트,혹한의 날들,에픽세븐,트리거 / 이 카드를 자신의 패에 넣는다.,[엔트리] 카드를 1장 드로우할 수 있다. 그러면 자신의 패에서 카드를 1장 골라 대미지 존에 놓는다.\n[엔트리] 자신의 대미지 존에 있는 《용의 계곡》을 가진 카드가 5장 이상이라면 자신의 대미지 존에서 카드를 1장 골라 트래시하고; 이 턴이 끝날 때까지 트래시한 카드의 코스트 1마다 파워+1000.,-
BT04-073,창공의 일리나브,폭풍,유닛,7,5500,3,이펙트,혹한의 날들,에픽세븐,트리거 / 이 카드를 트래시한다. 코스트가 자신의 대미지 존에 있는 《용의 계곡》을 가진 카드의 수 이하인 상대 유닛을 1장 골라 트래시한다.,[엔트리] 코스트 합이 자신의 대미지 존에 있는 《용의 계곡》을 가진 카드의 수 이하가 되도록 필드에 있는 상대 유닛을 원하는 수만큼 골라 트래시한다. 2장 이상 트래시했다면 이 유닛은 이 턴이 끝날 때까지 공격할 수 없다.,-
BT04-074,숲의 현자 비비안 : 라일락 향기,폭풍,유닛,7,4000,3,이펙트,몰락의 대지,에픽세븐,트리거 / 이 카드를 트래시한다. 자신의 트래시 존에서 [엑시트] 를 가진 유닛 카드를 1장 골라 패에 넣는다.,[엔트리] 필드에 있는 다른 자신 유닛을 1장 골라 트래시할 수 있다. 그러면 트래시한 유닛의 코스트 이하인 상대 유닛을 필드에서 1장 골라 트래시한다.,-
BT04-075,호반의 마녀 테네브리아,폭풍,유닛,8,8000,3,이펙트,혹한의 날들,에픽세븐,,[엔트리] 카드를 1장 드로우할 수 있다. 그러면 자신의 패에서 카드를 1장 골라 대미지 존에 놓는다.\n[엔트리] 자신의 대미지 존에 있는 《용의 계곡》을 가진 카드가 8장 이상이라면 조우 유닛을 상대의 대미지 존에 놓는다.,-
BT04-076,내면의 존재,폭풍,스킬,1,-,-,용의 계곡,,에픽세븐,트리거 / 이 카드를 트래시한다. 코스트가 자신의 대미지 존에 있는 《용의 계곡》을 가진 카드의 수 이하인 상대 유닛을 1장 골라 트래시한다.,자신의 대미지 존에서 카드를 2장까지 골라 트래시하고; 트래시한 수만큼 자신의 트래시 존에서 카드를 골라 대미지 존에 놓는다. 자신의 대미지 존에 있는 《용의 계곡》을 가진 카드가 5장 이상이라면 카드를 1장 드로우한다.,-
BT04-077,현혹의 날개,폭풍,스킬,2,-,-,-,,에픽세븐,,자신의 패에서 카드를 1장 골라 대미지 존에 놓는다. 카드를 2장 드로우한다.,-
BT04-078,유혹하는 꽃,폭풍,스킬,3,-,-,-,,에픽세븐,,필드에 있는 자신 유닛을 1장 골라 트래시한다. 그러면 카드를 2장 드로우한다.,-
BT04-079,친구를 위한 마법,폭풍,스킬,3,-,-,호문클루스,,에픽세븐,,자신은 이 턴이 끝날 때까지 〈친구를 위한 마법〉을 발동할 수 없다. 자신의 트래시 존에 있는 《호문클루스》를 가진 유닛 카드가 5장 이상이라면 상대에게 1대미지를 준다.,-
BT04-080,신부의 결의,폭풍,스킬,3,-,-,-,,에픽세븐,,자신의 대미지 존에 있는 카드가 8장 이상이라면 그중 1장을 골라 트래시한다.,-
BT04-081,유베리우스의 어금니,폭풍,스킬,4,-,-,용의 계곡,,에픽세븐,,자신의 대미지 존에 있는 《용의 계곡》을 가진 카드가 5장 이상이라면 필드에 있는 5코스트 이하인 상대 유닛을 1장 골라 트래시한다.,-
BT04-082,데빌 드라이브,폭풍,스킬,13,-,-,호문클루스,,에픽세븐,트리거 / 이 카드를 트래시한다. 자신의 트래시 존에서 《호문클루스》를 가진 유닛 카드를 1장 골라 패에 넣는다.,자신의 모든 유닛 존에 유닛이 없다면 자신의 트래시 존에서 《호문클루스》를 가지고 카드명이 다른 유닛 카드를 3장 고른다. 그러면 비어 있는 자신의 유닛 존에 사이즈를 무시하고 고른 카드를 모두 배치한다. 이 효과로 배치한 모든 유닛은 이 턴이 끝날 때 트래시된다.,-
BT04-083,심연의 칼날 목걸이,폭풍,아이템,2,-,-,-,,에픽세븐,,[장착 조건: 5코스트 이상인 유닛]  [액티브: 어택] 이 턴 동안 필드에서 전투나 효과로 트래시된 자신 유닛이 1장 이상이라면 이 턴이 끝날 때까지 히트+1. 3장 이상이라면 추가로 히트+1.,-
BT04-084,자각룡의 홍옥,폭풍,아이템,3,-,-,-,,에픽세븐,,[장착 조건: 4코스트 이하인 유닛]  [엑시트] 비어 있는 자신의 유닛 존에 이 유닛 카드를 배치한다.,-
ST01-002,네온,화염,유닛,1,3000,1,베이스,엘리시온,승리의 여신: 니케,,,-
ST01-003,베스티,화염,유닛,1,2500,1,이펙트,엘리시온,승리의 여신: 니케,,[어태커] 이 공격이 끝날 때까지 파워+1000.,-
ST01-004,은화,화염,유닛,2,4000,1,베이스,엘리시온,승리의 여신: 니케,,,-
ST01-005,노이즈,화염,유닛,2,3000,1,이펙트,테트라,승리의 여신: 니케,,[어태커] 이 공격이 끝날 때까지 파워+2000.,-
ST01-006,누아르,화염,유닛,2,2000,1,이펙트,테트라,승리의 여신: 니케,,[엔트리] 이 턴이 끝날 때까지 조우 유닛의 파워-3000.,-
ST01-007,바이퍼,화염,유닛,3,4500,1,이펙트,테트라,승리의 여신: 니케,,[어태커] 이 공격이 끝날 때까지 파워+1000.,-
ST01-008,블랑,화염,유닛,4,5500,2,이펙트,테트라,승리의 여신: 니케,,[패시브] 자신의 턴 동안 필드에 있는 [어태커] 를 가진 모든 자신 유닛의 파워+1000.,-
ST01-009,엠마,화염,유닛,5,7000,2,베이스,엘리시온,승리의 여신: 니케,,,-
ST01-010,아니스,화염,유닛,6,6500,2,이펙트,테트라,승리의 여신: 니케,트리거 / 이 카드를 트래시한다. 필드에 있는 상대 유닛을 1장 골라; 이 턴이 끝날 때까지 파워-5000.,[엑티브메인] 자신의 패를 1장 골라 덱에 넣고 섞는다. 그러면 이 턴이 끝날 때까지 조우 유닛의 파워-3000.,-
ST01-011,라피,화염,유닛,7,7500,3,이펙트,엘리시온,승리의 여신: 니케,트리거 / 이 카드를 자신의 패에 넣는다.,[어태커]  관통[1] (이 유닛이 공격하여 상대 유닛을 전투로 트래시했다면 상대에게 1대미지를 준다).,-
ST01-012,약점 간파,화염,스킬,1,-,-,-,,승리의 여신: 니케,,필드에 있는 상대 유닛을 1장 골라; 이 턴이 끝날 때까지 파워-2000.,-
ST01-013,전력 보강,화염,스킬,2,-,-,-,,승리의 여신: 니케,트리거 / 이 카드를 트래시한다. 자신의 트래시 존에서 2코스트 이하인 유닛을 1장 골라 자신의 패에 넣는다.,자신의 트래시 존에서 2코스트 이하인 유닛을 1장 골라 자신의 패에 넣는다.,-
ST01-014,오직 화력!,화염,스킬,3,-,-,-,,승리의 여신: 니케,,이 턴이 끝날 때까지 필드에 있는 모든 자신 유닛의 파워+2000.,-
ST01-015,미사일,화염,스킬,4,-,-,-,,승리의 여신: 니케,트리거 / 이 카드를 트래시한다. 필드에 있는 상대 유닛을 1장 골라; 이 턴이 끝날 때까지 파워-5000.,필드에 있는 상대 유닛을 1장 골라; 이 턴이 끝날 때까지 파워-5000.,-
ST01-016,레어 메탈 부츠,화염,아이템,1,-,-,-,,승리의 여신: 니케,,[장착조건 없음]   [어태커] 이 공격이 끝날 때까지 파워+2000.,-
ST01-017,케블라 글러브,화염,아이템,2,-,-,-,,승리의 여신: 니케,,[장착조건 없음]  [어태커]  약탈[1] (이 유닛이 공격하여 상대 유닛을 전투로 트래시했다면 카드를 1장 드로우한다.),-
ST02-002,N102,대지,유닛,1,3500,1,베이스,미실리스,승리의 여신: 니케,,,-
ST02-003,미카,대지,유닛,1,1500,1,이펙트,테트라,승리의 여신: 니케,,[엑시트] 자신의 리더 레벨+1.,-
ST02-004,율리아,대지,유닛,2,4500,1,베이스,미실리스,승리의 여신: 니케,,,-
ST02-005,얀,대지,유닛,3,2500,1,이펙트,테트라,승리의 여신: 니케,,[엔트리] 자신의 리더 레벨+1.,-
ST02-006,도라,대지,유닛,3,5500,1,베이스,테트라,승리의 여신: 니케,,,-
ST02-007,브리드,대지,유닛,3,3500,1,이펙트,엘리시온,승리의 여신: 니케,트리거 / 이 카드를 트래시한다. 자신의 리더 레벨+1.,[엑티브메인] 자신의 패를 1장 골라 트래시한다. 그러면 필드에 있는 《베이스》를 가진 모든 자신 유닛은 이 턴이 끝날 때까지 히트+1.,-
ST02-008,마르차나,대지,유닛,4,6500,2,베이스,엘리시온,승리의 여신: 니케,,,-
ST02-009,길티,대지,유닛,5,8500,2,베이스,미실리스,승리의 여신: 니케,트리거 / 이 카드를 트래시한다. 필드에 있는 3코스트 이하인 상대 유닛을 1장 골라 트래시한다.,,-
ST02-010,스노우 화이트,대지,유닛,6,6500,2,이펙트,필그림,승리의 여신: 니케,트리거 / 이 카드를 자신의 패에 넣는다.,[어태커]  돌파[2코스트 이하] (2코스트 이하인 상대 유닛은 이 유닛의 공격을 방어할 수 없다).,-
ST02-011,디젤,대지,유닛,7,3000,3,이펙트,엘리시온,승리의 여신: 니케,,[패시브] 이 유닛의 파워가 자신의 리더 레벨×1000만큼 증가한다.,-
ST02-012,크레센도,대지,스킬,1,-,-,-,,승리의 여신: 니케,,필드에 있는 자신 유닛을 1장 골라; 이 턴이 끝날 때까지 파워+3000.,-
ST02-013,스승의 은혜,대지,스킬,2,-,-,-,,승리의 여신: 니케,,자신의 리더 레벨+1.,-
ST02-014,프라이즈,대지,스킬,3,-,-,-,,승리의 여신: 니케,,자신의 덱 맨 위에서 카드를 3장 공개하고; 그 중 1장을 골라 자신의 패에 넣는다. 나머지 2장은 다시 덱에 넣고 섞는다.,-
ST02-015,엑셀러레이션,대지,스킬,4,-,-,-,,승리의 여신: 니케,트리거 / 이 카드를 트래시한다. 필드에 있는 3코스트 이하인 상대 유닛을 1장 골라 트래시한다.,자신 유닛과 상대 유닛이 모두 있는 레인을 하나 골라; 그 레인에서 파워가 가장 낮은 유닛을 트래시한다. 같다면 모두 트래시한다.,-
ST02-016,케블라 프로텍터,대지,아이템,1,-,-,-,,승리의 여신: 니케,,[장착조건 없음]  파워+2000.,-
ST02-017,레어 메탈 헬멧,대지,아이템,3,-,-,-,,승리의 여신: 니케,,[장착조건 4코스트이상]  히트+1.,-
ST03-002,델타,폭풍,유닛,1,2500,1,베이스,엘리시온,승리의 여신: 니케,,,-
ST03-003,프리바티,폭풍,유닛,1,500,1,이펙트,엘리시온,승리의 여신: 니케,트리거 / 이 카드를 트래시한다. 상대의 패가 3장 이상이라면 상대는 상대의 패를 1장 골라 트래시한다.,[엑시트] 상대는 상대의 패를 1장 골라 트래시한다.,-
ST03-004,유니,폭풍,유닛,2,3500,1,베이스,미실리스,승리의 여신: 니케,,,-
ST03-005,노벨,폭풍,유닛,2,2500,1,이펙트,테트라,승리의 여신: 니케,,[엔트리] 조우 유닛이 1코스트 이하라면 그 유닛을 트래시한다.,-
ST03-006,사쿠라,폭풍,유닛,2,2500,1,이펙트,테트라,승리의 여신: 니케,,[엑시트] 카드를 1장 드로우한다.,-
ST03-007,D,폭풍,유닛,3,4000,1,이펙트,엘리시온,승리의 여신: 니케,,[엑시트]  공멸 (이 유닛을 전투로 트래시한 상대 유닛의 코스트가 이 유닛의 코스트 이하라면 그 유닛을 트래시한다).,-
ST03-008,엑시아,폭풍,유닛,4,5000,2,이펙트,테트라,승리의 여신: 니케,,[패시브] 필드에 있는 [엑시트] 를 가진 모든 자신 유닛의 파워+1000.,-
ST03-009,메이든,폭풍,유닛,5,6500,2,베이스,엘리시온,승리의 여신: 니케,,,-
ST03-010,로산나,폭풍,유닛,6,6500,2,이펙트,테트라,승리의 여신: 니케,트리거 / 이 카드를 트래시한다. 상대의 패가 3장 이상이라면 상대는 상대의 패를 1장 골라 트래시한다.,[엑시트] 자신의 트래시 존에서 [엑시트] 를 가진 2코스트 이하인 유닛을 1장 골라 자신의 패에 넣는다.,-
ST03-011,모더니아,폭풍,유닛,7,6500,3,이펙트,필그림,승리의 여신: 니케,트리거 / 이 카드를 자신의 패에 넣는다.,[엔트리] 자신의 패를 모두 트래시할 수 있다. 2장 이상 트래시했다면 조우 유닛을 트래시한다.,-
ST03-012,기습,폭풍,스킬,1,-,-,-,,승리의 여신: 니케,,자신의 패를 1장 골라 트래시한다. 그러면 상대는 패를 1장 골라 트래시한다.,-
ST03-013,흑화,폭풍,스킬,2,-,-,-,,승리의 여신: 니케,,자신의 패에서 유닛을 1장 골라 트래시한다. 그 유닛보다 코스트가 낮은 유닛을 필드에서 1장 골라 트래시한다.,-
ST03-014,센스 쉐어링,폭풍,스킬,3,-,-,-,,승리의 여신: 니케,,필드에 있는 자신 유닛을 1장 골라 트래시한다. 그러면 카드를 2장 드로우한다.,-
ST03-015,다 덤벼!,폭풍,스킬,4,-,-,-,,승리의 여신: 니케,트리거 / 이 카드를 트래시한다. 자신의 트래시 존에서 [엑시트] 를 가진 유닛을 1장 골라 자신의 패에 넣는다.,필드에 있는 자신 유닛을 1장 골라; 그 유닛과 조우 유닛을 모두 트래시한다.,-
ST03-016,케블라 베스트,폭풍,아이템,2,-,-,-,,승리의 여신: 니케,,[장착조건 없음]  파워+3000.\n[디펜더]  종결 (방어 선언 즉시 상대의 이번 공격을 종료하고 이 유닛을 트래시한다).,-
ST03-017,레어 메탈 암가드,폭풍,아이템,2,-,-,-,,승리의 여신: 니케,,[장착조건 없음]   [엑시트]  공멸 (이 유닛을 전투로 트래시한 상대 유닛의 코스트가 이 유닛의 코스트 이하라면 그 유닛을 트래시한다).,-
ST04-002,iDoll 플라워,파도,유닛,1,2500,1,베이스,테트라,승리의 여신: 니케,,,-
ST04-003,마리안,파도,유닛,1,2000,1,이펙트,엘리시온,승리의 여신: 니케,,[가디언]  방벽[1] (인접한 레인에 있는 상대 유닛이 공격할 때 자신의 패를 1장 트래시하면 그 유닛의 공격을 방어한다).,-
ST04-004,라이,파도,유닛,2,3500,1,베이스,테트라,승리의 여신: 니케,,,-
ST04-005,메어리,파도,유닛,2,2500,1,이펙트,테트라,승리의 여신: 니케,,[엔트리] 카드를 1장 드로우한다.,-
ST04-006,노아,파도,유닛,2,2000,1,이펙트,필그림,승리의 여신: 니케,,[디펜더] 이 방어가 끝날 때까지 파워+3000.,-
ST04-007,앨리스,파도,유닛,3,3000,1,이펙트,테트라,승리의 여신: 니케,트리거 / 이 카드를 자신의 패에 넣는다.,[어태커]  돌파[4코스트 이상] (4코스트 이상인 상대 유닛은 이 유닛의 공격을 방어할 수 없다).,-
ST04-008,루드밀라,파도,유닛,4,5000,2,이펙트,테트라,승리의 여신: 니케,,[가디언]  방벽[2] (인접한 레인에 있는 상대 유닛이 공격할 때 자신의 패를 2장 트래시하면 그 유닛의 공격을 방어한다).,-
ST04-009,마스트,파도,유닛,5,6500,2,베이스,엘리시온,승리의 여신: 니케,,-,-
ST04-010,헬름,파도,유닛,6,5000,2,이펙트,엘리시온,승리의 여신: 니케,,[패시브] 필드에 있는 [가디언] 을 가진 모든 자신 유닛의 파워+2000.,-
ST04-011,도로시,파도,유닛,7,7000,3,이펙트,필그림,승리의 여신: 니케,,[가디언]  방벽[3] (인접한 레인에 있는 상대 유닛이 공격할 때 자신의 패를 3장 트래시하면 그 유닛의 공격을 방어한다).\n[디펜더] 이 방어가 끝날 때까지 파워+2000.,-
ST04-012,선배의 응원,파도,스킬,1,-,-,-,,승리의 여신: 니케,,필드에 있는 [가디언] 을 가진 자신 유닛을 1장 골라; 상대의 턴이 끝날 때까지 파워+2000.,-
ST04-013,약오르죠?,파도,스킬,2,-,-,-,,승리의 여신: 니케,트리거 / 이 카드를 트래시한다. 카드를 1장 드로우한다.,필드에 있는 [가디언] 을 가진 자신 유닛을 1장 골라; 이 턴이 끝날 때까지 히트+1.,-
ST04-014,너싱,파도,스킬,3,-,-,-,,승리의 여신: 니케,,카드를 2장 드로우한다.,-
ST04-015,실낙원,파도,스킬,4,-,-,-,,승리의 여신: 니케,트리거 / 이 카드를 트래시한다. 필드에 있는 상대 유닛 중 코스트가 가장 낮은 유닛을 1장 골라 그 유닛과 그 유닛이 장착한 아이템을 모두 주인의 패로 되돌린다.,필드에 있는 [가디언] 을 가진 자신 유닛을 1장 고른다. 그 유닛은 이 턴이 끝날 때까지 [어태커] 돌파 (상대 유닛은 이 유닛의 공격을 방어할 수 없다)를 얻는다.,-
ST04-016,케블라 자켓,파도,아이템,1,-,-,-,,승리의 여신: 니케,,[장착조건 없음]  [디펜더] 이 방어가 끝날 때까지 파워+2000.,-
ST04-017,레어 메탈 글러브,파도,아이템,2,-,-,-,,승리의 여신: 니케,트리거 / 이 카드를 트래시한다. 카드를 1장 드로우한다.,[장착조건 디펜더]   [액티브메인] 카드를 1장 드로우한다.,-
ST05-002,프로덕트 08,번개,유닛,1,3000,1,베이스,미실리스,승리의 여신: 니케,,,-
ST05-003,슈가,번개,유닛,1,2500,1,이펙트,테트라,승리의 여신: 니케,,[엔트리] 카드를 1장 드로우한다. 그러면 자신의 패를 1장 골라 트래시한다.,-
ST05-004,프림,번개,유닛,2,4000,1,베이스,테트라,승리의 여신: 니케,,,-
ST05-005,맥스웰,번개,유닛,2,3500,1,이펙트,미실리스,승리의 여신: 니케,,[암드] 아이템을 장착하고 있다면 파워+1000.,-
ST05-006,크라운,번개,유닛,3,3000,1,이펙트,필그림,승리의 여신: 니케,트리거 / 이 카드를 트래시한다. 자신의 덱에서 1코스트 이하인 아이템 카드를 1장 골라 패에 넣는다. 덱을 섞는다.,[엔트리] 자신의 덱에서 2코스트인 아이템 카드를 1장 골라 패에 넣는다. 덱을 섞는다.,-
ST05-007,소다,번개,유닛,3,4000,1,이펙트,테트라,승리의 여신: 니케,,[암드] 이 유닛이 장착한 아이템 1장마다 파워+1000.,-
ST05-008,리타,번개,유닛,4,5500,2,이펙트,미실리스,승리의 여신: 니케,,[패시브] 필드에 있는 [암드] 를 가진 모든 자신 유닛의 파워+1000.,-
ST05-009,드레이크,번개,유닛,5,7000,2,베이스,미실리스,승리의 여신: 니케,,-,-
ST05-010,센티,번개,유닛,6,7000,2,이펙트,미실리스,승리의 여신: 니케,,[암드] 아이템을 장착하고 있다면 파워+2000.,-
ST05-011,프리바티 : 언카인드 메이드,번개,유닛,7,9000,3,이펙트,엘리시온,승리의 여신: 니케,트리거 / 이 카드를 자신의 패에 넣는다.,[암드] [어태커] 아이템을 장착하고 있다면 상대는 패를 1장 골라 트래시한다.,-
ST05-012,현장검토,번개,스킬,2,-,-,-,,승리의 여신: 니케,트리거 / 이 카드를 트래시한다. 자신의 덱에서 1코스트 이하인 아이템 카드를 1장 골라 패에 넣는다. 덱을 섞는다.,자신의 트래시 존에서 아이템 카드를 1장 골라 패에 넣는다.,-
ST05-013,리타 부스트,번개,스킬,3,-,-,-,,승리의 여신: 니케,,필드에 있는 자신 유닛을 1장 골라 그 유닛이 장착한 1코스트 이상인 아이템의 수만큼 카드를 드로우한다.,-
ST05-014,원 포 올,번개,스킬,4,-,-,-,,승리의 여신: 니케,트리거 / 이 카드를 트래시한다. 카드를 2장 드로우한다. 그러면 자신의 패를 2장 골라 트래시한다.,필드에 있는 아이템을 2장 이상 장착한 자신 유닛을 1장 골라 트래시한다. 그러면 필드에 있는 상대 유닛을 1장 골라 트래시한다.,-
ST05-015,케블라 게이터,번개,아이템,1,-,-,-,,승리의 여신: 니케,,[장착조건 없음] 파워+1500.,-
ST05-016,레어 메탈 건틀렛,번개,아이템,2,-,-,유니크,,승리의 여신: 니케,,[장착조건 암드] 히트+1.,-
ST05-017,레어 메탈 게이터,번개,아이템,2,-,-,-,,승리의 여신: 니케,,[장착조건 없음] 파워+2500.,-
ST06-002,소악마 루아,화염,유닛,1,2000,1,이펙트,나탈론 학원,에픽세븐,,[엔트리] 필드에 있는 다른 자신 유닛을 1장 골라; 이 턴이 끝날 때까지 파워+3000.,-
ST06-003,실크,화염,유닛,1,1000,1,이펙트,던 블라이아,에픽세븐,,[엔트리] 자신의 덱 맨 위에서 카드를 5장 공개하고; 그중 《성약》을 가진 카드를 1장 골라 패에 넣는다. 나머지는 모두 트래시한다.,-
ST06-004,유나,화염,유닛,1,500,1,이펙트,계승자,에픽세븐,,[패시브] 필드에 있는 《계승자》나 《과거 혹은 미래》를 가진 다른 자신 유닛 1장마다 파워+1000.\n[엔트리] 필드에 있는 다른 자신 유닛을 1장 고른다. 그 유닛은 이 턴이 끝날 때까지 「 [어태커] 이 공격이 끝날 때까지 파워+3000」을 얻는다.,-
ST06-005,데스티나 : 따스한 봄바람,화염,유닛,2,3000,1,이펙트,정령왕,에픽세븐,,[엔트리] 자신의 덱 맨 위에서 카드를 3장 공개하고; 그중 《계승자》를 가진 카드를 1장 골라 패에 넣는다. 나머지는 모두 트래시한다.,-
ST06-006,이세리아,화염,유닛,2,1500,1,이펙트,계승자,에픽세븐,,[패시브] 필드에 있는 《계승자》나 《과거 혹은 미래》를 가진 다른 자신 유닛 1장마다 파워+1000.\n[엔트리] 〈이세리아〉 이외의 《계승자》를 가진 자신 유닛을 필드에서 1장 고른다. 그 유닛이 가진 [엔트리] 효과를 하나 골라 발동한다.,-
ST06-007,심판자 키세,화염,유닛,3,3000,1,이펙트,과거 혹은 미래,에픽세븐,,[패시브] 자신의 스킬 존에 있는 스킬이 1장 이상이라면 파워+5000.,-
ST06-008,리나크,화염,유닛,3,2500,1,이펙트,계승자,에픽세븐,트리거 / 이 카드를 자신의 패에 넣는다.,[패시브] 필드에 있는 《계승자》나 《과거 혹은 미래》를 가진 다른 자신 유닛 1장마다 파워+1000.\n[엔트리] 필드에 있는 다른 자신 유닛을 1장 고른다. 그 유닛은 이 턴이 끝날 때까지 [어태커]  듀얼리스트 (이 유닛의 조우 유닛은 가능하다면 반드시 방어해야 한다)와 「 [어태커] 이 공격이 끝날 때까지 파워+2000」을 얻는다.,-
ST06-009,구원자 아딘,화염,유닛,4,5000,2,이펙트,전승자,에픽세븐,,[어태커] 이 공격이 끝날 때까지 파워+2000.,-
ST06-010,기원의 라스,화염,유닛,4,4000,2,이펙트,계승자,에픽세븐,,[패시브] 필드에 있는 《계승자》나 《과거 혹은 미래》를 가진 다른 자신 유닛 1장마다 파워+1000.\n[엔트리] 자신의 패를 1장 골라 트래시할 수 있다. 그러면 필드에 있는 다른 자신 유닛을 1장 고른다. 그 유닛은 이 턴이 끝날 때까지 [어태커]  관통[1] (이 유닛이 공격하여 상대 유닛을 전투로 트래시했다면 상대에게 1대미지를 준다)을 얻는다.,-
ST06-011,심판자 키세 : 성광의 계승자,화염,유닛,5,1000,2,이펙트,과거 혹은 미래,에픽세븐,트리거 / 이 카드를 트래시한다. 필드에 있는 유닛을 1장까지 골라; 자신의 턴이 끝날 때까지 파워-3000.,[어태커] 필드에 있는 상대 유닛을 1장 고른다. 그 유닛의 히트만큼 자신의 패를 골라 트래시하면 이 턴이 끝날 때까지 그 유닛의 파워가 필드에 있는 모든 자신 유닛의 현재 파워 합만큼 감소한다.,-
ST06-012,빛의 루엘 : 광휘의 계승자,화염,유닛,7,7500,3,이펙트,과거 혹은 미래,에픽세븐,트리거 / 자신의 트래시 존에서 《계승자》를 가진 유닛 카드를 1장 골라 패에 넣는다.,[액티브: 메인] 자신의 패에서 스킬 카드를 2장까지 골라 트래시한다. 이 턴이 끝날 때까지 트래시한 카드의 코스트 합 1마다 조우 유닛의 파워-1000.,-
ST06-013,이계의 머시너리,화염,스킬,3,-,-,성약,,에픽세븐,,자신은 이 턴이 끝날 때까지 《성약》을 가진 스킬을 발동할 수 없다. 필드에 있는 유닛을 1장 골라; 이 턴이 끝날 때까지 그 유닛의 파워-3000. 필드에 있는 《계승자》를 가진 자신 유닛을 1장 고른다. 그 유닛은 이 턴이 끝날 때까지 0코스트가 된다. 그러면 카드를 1장 드로우한다.,-
ST06-014,찬란한 영원,화염,스킬,3,-,-,-,,에픽세븐,트리거 / 이 카드를 트래시한다. 필드에 있는 유닛을 1장까지 골라; 자신의 턴이 끝날 때까지 파워-3000.,코스트 합이 자신의 대미지 존에 있는 카드의 수 이하가 되도록 자신의 트래시 존에서 〈찬란한 영원〉이 아닌 카드를 2장까지 골라 패에 넣는다.,-
ST06-015,은밀한 손길,화염,스킬,6,-,-,성약,,에픽세븐,,자신은 이 턴이 끝날 때까지 《성약》을 가진 스킬을 발동할 수 없다. 필드에 있는 상대 유닛을 1장 고른다. 그 유닛의 파워가 필드에 있는 모든 자신 유닛의 현재 파워 합 이하라면 그 유닛을 트래시한다. 필드에 있는 《계승자》를 가진 자신 유닛을 1장 고른다. 그 유닛은 이 턴이 끝날 때까지 0코스트가 된다. 그러면 카드를 1장 드로우한다.,-
ST06-016,사랑해; 기억해; 영원히.,화염,스킬,7,-,-,성약,,에픽세븐,,자신은 이 턴이 끝날 때까지 《성약》을 가진 스킬을 발동할 수 없다. 필드에 있는 조우 유닛을 가진 자신 유닛을 1장 고른다. 그 유닛은 이 턴의 어택 페이즈 중 1번 더 공격할 수 있고; 이 턴이 끝날 때까지 파워+2000. 필드에 있는 《계승자》를 가진 자신 유닛을 1장 고른다. 그 유닛은 이 턴이 끝날 때까지 0코스트가 된다. 그러면 카드를 1장 드로우한다.,-
ST06-017,흑요석 반지,화염,아이템,2,-,-,-,,에픽세븐,,[장착 조건: 없음]  [엑시트] 자신의 트래시 존에서 이 유닛 카드보다 코스트가 낮은 유닛 카드를 1장 골라 패에 넣는다.,-
ST07-002,뒤틀린 망령 카일론,폭풍,유닛,1,1500,1,이펙트,호문클루스,에픽세븐,,[어태커] 이 턴이 끝날 때까지 「 [엑시트] 이 턴 동안 《호문클루스》를 가진 자신 유닛이 공격한 수만큼 카드를 드로우한다」를 얻는다.,-
ST07-003,필리스,폭풍,유닛,1,1500,1,이펙트,호문클루스,에픽세븐,,[어태커] 이 턴이 끝날 때까지 「 [엑시트] 이 턴 동안 《호문클루스》를 가진 자신 유닛이 공격한 수만큼 자신의 덱 맨 위에서 카드를 공개하고; 그중 1장을 골라 패에 넣는다. 나머지는 모두 트래시한다」를 얻는다.,-
ST07-004,세크레트,폭풍,유닛,2,2500,1,이펙트,호문클루스,에픽세븐,,[어태커] 이 턴이 끝날 때까지 「 [엑시트] 이 턴 동안 《호문클루스》를 가진 자신 유닛이 공격한 수 이하의 코스트인 상대 유닛을 필드에서 1장 골라 트래시한다」를 얻는다.,-
ST07-005,최강 모델 루루카,폭풍,유닛,2,2500,1,이펙트,런웨이 파이터,에픽세븐,,[엑시트] 카드를 1장 드로우한다.,-
ST07-006,페네,폭풍,유닛,2,2000,1,이펙트,호문클루스,에픽세븐,트리거 / 이 카드를 트래시한다. 자신의 트래시 존에서 《호문클루스》를 가진 유닛 카드를 1장 골라 패에 넣는다.,[어태커] 이 턴이 끝날 때까지 「 [엑시트] 이 턴 동안 《호문클루스》를 가진 자신 유닛이 공격한 수만큼 자신의 덱 맨 위에서 카드를 트래시한다. 이 효과로 트래시된 《호문클루스》를 가진 카드 1장마다 상대에게 1대미지를 준다」를 얻는다.,-
ST07-007,라비,폭풍,유닛,3,2500,1,이펙트,호문클루스,에픽세븐,,[어태커] 이 턴이 끝날 때까지 「 [엑시트] 필드에 있는 상대 유닛을 1장 골라; 자신의 턴이 끝날 때까지 파워-3000. 이 효과는 이 턴 동안 《호문클루스》를 가진 자신 유닛이 공격한 수만큼 발동할 수 있다」를 얻는다.,-
ST07-008,릴리벳,폭풍,유닛,3,4000,1,이펙트,다른 우주의 방문자,에픽세븐,,[액티브: 어택] 필드에 있는 자신 유닛을 1장 골라 트래시한다.,-
ST07-009,후미르,폭풍,유닛,3,3000,1,이펙트,스쿠기헤임,에픽세븐,,[액티브: 어택] 필드에 있는 《호문클루스》와 [엑시트] 를 가진 자신 유닛을 1장 골라 트래시한다. 그러면 이 턴이 끝날 때까지 히트+1.,-
ST07-010,벨리안,폭풍,유닛,3,2500,1,이펙트,대적자,에픽세븐,트리거 / 이 카드를 자신의 패에 넣는다.,[액티브: 메인] 이 턴 동안 필드에서 전투나 효과로 트래시된 자신 유닛이 1장 이상이라면 자신의 패를 1장 골라 트래시할 수 있다. 그러면 자신의 트래시 존에서 [엑시트] 를 가진 3코스트 이하인 유닛 카드를 1장 골라 비어 있는 자신의 유닛 존에 배치한다.,-
ST07-011,하르세티,폭풍,유닛,5,5500,2,이펙트,대적자,에픽세븐,트리거 / 이 카드를 트래시한다. 자신의 트래시 존에서 《호문클루스》를 가진 유닛 카드를 1장 골라 패에 넣는다.,[엔트리] 자신의 트래시 존에서 《호문클루스》를 가지고 [트리거] 를 가지지 않은 카드를 조우 유닛의 코스트만큼 골라 덱 맨 아래에 원하는 순서대로 놓을 수 있다. 그러면 조우 유닛을 트래시한다.,-
ST07-012,비르기타,폭풍,유닛,6,6000,2,이펙트,스쿠기헤임,에픽세븐,,[패시브] 이 턴 동안 필드에서 트래시된 자신 유닛이 1장 이상이라면 이 턴이 끝날 때까지 파워+3000; 히트+1.,-
ST07-013,빛나는 자신감,폭풍,스킬,1,-,-,런웨이 파이터,,에픽세븐,,자신의 덱 맨 위에서 카드를 4장 트래시한다. 자신의 트래시 존에서 카드를 1장 골라 대미지 존에 놓는다. 자신의 대미지 존에 있는 카드가 7장 이상이라면 카드를 1장 드로우할 수 있다.,-
ST07-014,망상 끝의 런웨이,폭풍,스킬,2,-,-,-,,에픽세븐,트리거 / 이 카드를 트래시한다. 자신의 덱 맨 위에서 카드를 4장 트래시한다.,자신의 덱 맨 위에서 카드를 4장 트래시한다. 자신의 트래시 존에서 《런웨이 파이터》를 가진 유닛 카드를 1장 골라 패에 넣을 수 있다.,-
ST07-015,창조의 포 & 파괴의 숑,폭풍,스킬,2,-,-,-,,에픽세븐,,,-
ST07-016,사랑의 증거,폭풍,스킬,3,-,-,호문클루스,,에픽세븐,,필드에 있는 《호문클루스》를 가진 자신 유닛을 1장 고른다. 조우 유닛이 있다면 고른 유닛으로 공격한다.,-
ST07-017,어비스 드레이크 가죽갑옷,폭풍,아이템,1,-,-,-,,에픽세븐,,[장착 조건: 없음] 파워+2000.\n[패시브] 자신의 턴이 끝날 때 이 유닛을 트래시한다. 그러면 카드를 1장 드로우한다.,-
BT05-018,도깨비불에 이끌린 이안,대지,유닛,1,2000,1,이펙트,마츠리,이터널 리턴,,[크레딧: 1] 이 유닛이 배치되면 카드를 1장 드로우한다. 이 유닛이 트래시되면 자신의 패를 1장 골라 트래시한다.\n[레벨링크: 4] 자신의 리더 레벨이 4 이상이라면 필드에 있는 다른 모든 자신 유닛의 파워+2000.,
BT05-019,운명의 푸른 가약 케네스,대지,유닛,2,4000,1,이펙트,마츠리,이터널 리턴,,[액티브: 메인] 필드에 있는 자신 유닛을 1장 골라 그 유닛의 히트만큼 자신의 덱 맨 위에서 카드를 공개한다. 그중 1장을 골라 패에 넣고 나머지는 트래시한다. 고른 유닛을 주인의 덱 맨 아래에 놓는다.,
BT05-020,전학생 비앙카,대지,유닛,3,2500,1,이펙트,학교,이터널 리턴,,[엔트리] 자신의 리더 레벨+1.,
BT05-021,방과 후 자유시간 데비&마를렌,대지,유닛,5,6500,2,이펙트,학교,이터널 리턴,,[믹스] [엔트리] 자신의 필드에 [대지] 이외의 카드가 있고 자신의 리더 레벨이 10 이상이라면 이 턴이 끝날 때까지 자신의 사이즈+5. 9 이하라면 자신의 패를 1장 골라 트래시할 수 있다. 그러면 자신의 리더 레벨+2.,
BT05-022,2nd Anniversary 엘레나,대지,유닛,5,6000,2,이펙트,애니버서리,이터널 리턴,,[레벨링크: 6] 자신의 리더 레벨이 6 이상이라면 파워+2000.\n[레벨링크: 8] 자신의 리더 레벨이 8 이상이라면 파워+2000; 히트+1.,
BT05-023,1st Anniversary Blanc 헤이즈,대지,유닛,6,5500,2,이펙트,애니버서리,이터널 리턴,,[이스케이프] 자신의 메인 페이즈가 시작할 때 자신의 패를 1장 골라 트래시할 수 있다. 그러면 이 유닛보다 파워가 낮은 상대 유닛을 1장 골라 트래시한다. 이 유닛을 주인의 덱 맨 아래에 놓는다.,
BT05-024,운명의 붉은 가약 가넷,대지,유닛,8,8000,3,이펙트,마츠리,이터널 리턴,트리거 / 이 카드를 자신의 패에 넣는다.,[믹스] [어태커] 자신의 필드에 [대지] 이외의 카드가 있고 자신의 리더 레벨이 10 이상이라면 조우 유닛은 이 턴이 끝날 때까지 공격을 방어할 수 없다. 9 이하라면 자신의 리더 레벨+2.\n[레벨링크: 8] 자신의 리더 레벨이 8 이상이라면 필드에 있는 다른 모든 자신 유닛의 파워+3000.,
BT05-025,2nd Anniversary 이바 Blossom,대지,유닛,9,7000,3,이펙트,애니버서리,이터널 리턴,,[레벨링크: 7] 자신의 리더 레벨이 7 이상이라면 파워+5000.\n[레벨링크: 9] [액티브: 메인] 자신의 리더 레벨이 9 이상이라면 자신의 패를 원하는 수만큼 골라 트래시할 수 있다. 그러면 이 턴이 끝날 때까지 트래시한 카드 1장마다 파워+1000. 조우 유닛보다 파워가 12000 이상 높다면 이 턴이 끝날 때까지 [어태커] 돌파 를 얻는다.,
BT05-026,우리 둘이니까.,대지,스킬,1,-,-,-,,이터널 리턴,,필드에 있는 3코스트 이하인 자신 유닛을 1장 고른다. 그 유닛은 이 턴이 끝날 때까지 「 [어태커] 조우 유닛보다 파워가 높다면 이 공격이 끝날 때까지 돌파 를 얻는다」를 얻는다.,
BT05-027,즐거운 축제,대지,스킬,1,-,-,-,,이터널 리턴,,필드에 있는 자신 유닛을 1장 골라 주인의 덱 맨 아래에 놓는다. 그러면 자신의 패에서 그 유닛의 코스트+3 이하인 유닛 카드를 1장 골라 그 유닛이 있던 유닛 존에 사이즈를 무시하고 배치한다.,
BT05-028,불꽃놀이,대지,스킬,3,-,-,-,,이터널 리턴,트리거 / 이 카드를 트래시할 수 있다. 그렇지 않으면 자신의 리더 레벨+1.,필드에 있는 자신 유닛을 1장 골라 주인의 덱 맨 아래에 놓는다. 자신의 덱 맨 위에서 카드를 3장 공개하고; 그중 유닛 카드를 1장 골라 비어 있는 자신의 유닛 존에 사이즈를 무시하고 배치한다. 그 유닛의 코스트가 자신의 리더 레벨 이하라면 이 스킬은 이 턴이 끝날 때까지 0코스트가 된다. 나머지는 모두 트래시한다.,
BT05-029,쉬워도 너~무 쉬운데?,대지,스킬,4,-,-,-,,이터널 리턴,,필드에 있는 자신 유닛 1장과 그 유닛의 파워 이하인 상대 유닛을 1장 고른다. 고른 자신 유닛을 주인의 덱 맨 아래에 놓는다. 그러면 고른 상대 유닛은 이 턴이 끝날 때까지 공격을 방어할 수 없다.,
BT05-030,엔데버 AX,대지,아이템,1,-,-,-,,이터널 리턴,,[장착 조건: 없음]  [어태커] 조우 유닛보다 파워가 3000 이상 높다면 이 공격이 끝날 때까지 관통[1] 을 얻는다.,
BT05-031,미스틸테인,대지,아이템,2,-,-,-,,이터널 리턴,,[장착 조건: 없음] 파워+3000.,
ST08-002,문제아 니키,대지,유닛,1,3000,1,이펙트,학교,이터널 리턴,,[크레딧: 1] 이 유닛이 배치되면 카드를 1장 드로우한다. 이 유닛이 트래시되면 자신의 패를 1장 골라 트래시한다.,-
ST08-003,레니,대지,유닛,2,1500,1,이펙트,실험체,이터널 리턴,,[이스케이프] 자신의 메인 페이즈가 시작할 때 이 유닛을 주인의 덱 맨 아래에 놓는다. 자신의 리더 레벨+1.,-
ST08-004,불꽃놀이 아야,대지,유닛,3,3500,1,이펙트,마츠리,이터널 리턴,트리거 / 이 카드를 자신의 패에 넣는다.,[액티브: 메인] 자신의 패에서 코스트가 자신의 리더 레벨 이하인 유닛 카드를 1장 골라 비어 있는 자신의 유닛 존에 사이즈를 무시하고 배치할 수 있다. 그 유닛은 이 턴이 끝날 때까지 공격할 수 없다.,-
ST08-005,학생회장 엘레나,대지,유닛,4,6000,2,이펙트,학교,이터널 리턴,,[크레딧: 1] 이 유닛이 배치되면 카드를 1장 드로우한다. 이 유닛이 트래시되면 자신의 패를 1장 골라 트래시한다.,-
ST08-006,1st Anniversary 수아,대지,유닛,4,5000,2,이펙트,애니버서리,이터널 리턴,트리거 / 이 카드를 트래시할 수 있다. 그렇지 않으면 자신의 리더 레벨+1.,[레벨링크: 6] 자신의 리더 레벨이 6 이상이라면 필드에 있는 다른 모든 자신 유닛의 파워+2000.\n[레벨링크: 8] [이스케이프] 자신의 리더 레벨이 8 이상이라면 자신의 메인 페이즈가 시작할 때 이 유닛을 주인의 덱 맨 아래에 놓는다. 그러면 자신의 덱 맨 위에서 카드를 3장 공개하고; 그중 유닛 카드를 1장 골라 비어 있는 자신의 유닛 존에 사이즈를 무시하고 배치한다. 그 유닛은 이 턴이 끝날 때까지 0코스트가 되고 파워+5000; 히트+1. 나머지는 모두 트래시한다.,-
ST08-007,요밀로,대지,유닛,7,8500,3,이펙트,체인지,이터널 리턴,,[이스케이프] 자신의 메인 페이즈가 시작할 때 이 유닛을 주인의 덱 맨 아래에 놓는다. 상대의 턴이 끝날 때까지 상대가 패에서 파워가 4000 이하인 유닛을 배치할 때마다 자신은 카드를 1장 드로우하고 상대에게 1대미지를 준다.,-
ST08-008,가르쳐 드리죠.,대지,스킬,2,-,-,-,,이터널 리턴,,자신의 리더 레벨+1.,-
ST08-009,같이 한잔하겠어?,대지,스킬,2,-,-,-,,이터널 리턴,,자신의 덱 맨 위에서 카드를 1장 공개하고; 그중 유닛 카드를 1장 골라 비어 있는 자신의 유닛 존에 사이즈를 무시하고 배치한다. 나머지는 모두 트래시한다.,-
ST08-010,뿅망치,대지,아이템,0,-,-,-,,이터널 리턴,,[장착 조건: 없음] 파워+1000.,-
BT05-064,앙스텔,번개,유닛,1,2500,1,이펙트,체인지,이터널 리턴,,[크레딧: 1] 이 유닛이 배치되면 카드를 1장 드로우한다. 이 유닛이 트래시되면 자신의 패를 1장 골라 트래시한다.,
BT05-065,사관후보생 리 다이린,번개,유닛,1,1000,1,이펙트,사관후보생,이터널 리턴,트리거 / 이 카드를 트래시한다. 자신의 덱에서 1코스트 이하인 아이템 카드를 1장 골라 패에 넣는다. 덱을 섞는다.,[믹스] [엔트리] 자신의 필드에 [번개] 이외의 카드가 있다면 자신의 덱 맨 위에서 카드를 3장 트래시할 수 있다. 그러면 자신의 대미지 존에서 카드를 1장 골라 패에 넣는다.,
BT05-066,사관후보생 하트,번개,유닛,2,3500,1,이펙트,사관후보생,이터널 리턴,,[엔트리] 자신의 덱 맨 위에서 카드를 3장 트래시한다. 이 효과로 트래시한 아이템 카드가 1장 이상이라면 카드를 1장 드로우한다.,
BT05-067,사관후보생 아야,번개,유닛,2,1000,1,이펙트,사관후보생,이터널 리턴,트리거 / 이 카드를 자신의 패에 넣는다.,[믹스] [암드] 자신의 필드에 [번개] 이외의 카드가 있다면 이 유닛이 장착한 아이템 1종류마다 파워+2000. 이 유닛이 장착한 아이템이 4종류 이상이라면 추가로 「 [어태커] 카드를 1장 드로우한다. 상대에게 2대미지를 준다」를 얻는다.,
BT05-068,헨리,번개,유닛,3,3000,1,이펙트,실험체,이터널 리턴,,[패시브] 필드에 있는 아이템을 장착한 모든 자신 유닛의 파워+2000.,
BT05-069,알렘,번개,유닛,3,2500,1,이펙트,체인지,이터널 리턴,,[믹스] [엑시트] 자신의 필드에 [번개] 이외의 카드가 있다면 자신의 대미지 존에서 카드를 1장 골라 패에 넣는다. 그러면 자신의 트래시 존에서 [트리거] 를 가지지 않은 카드를 1장 골라 대미지 존에 놓는다.,
BT05-070,20년 전 마르티나,번개,유닛,3,3000,1,이펙트,실험체,이터널 리턴,,[엔트리] 자신의 패를 2장까지 골라 트래시하고; 트래시한 수만큼 카드를 드로우한다. 이 효과로 트래시한 아이템 카드가 2장 이상이라면 추가로 카드를 1장 드로우한다.,
BT05-071,사관후보생 매그너스,번개,유닛,4,4000,2,이펙트,사관후보생,이터널 리턴,,[믹스] [암드] 자신의 필드에 [번개] 이외의 카드가 있고 아이템을 장착하고 있다면 파워+3000; 히트+1.,
BT05-072,사관후보생 재키,번개,유닛,4,5000,2,이펙트,사관후보생,이터널 리턴,,[엔트리] 자신의 덱 맨 위에서 카드를 3장 공개한다. 그중 3장까지 골라 트래시하고 나머지는 모두 다시 덱에 넣고 섞는다.,
BT05-073,사관후보생 마이,번개,유닛,5,5000,2,이펙트,사관후보생,이터널 리턴,트리거 / 이 카드를 자신의 패에 넣는다.,[믹스] 자신의 필드에 [번개] 이외의 카드가 있다면 아이템을 1장 이상 장착할 때마다 카드를 1장 드로우한다.\n[어태커] 이 공격이 끝날 때까지 이 유닛이 장착한 아이템 1장마다 파워+2000. 이 유닛이 장착한 아이템을 2장 골라 트래시할 수 있다. 그러면 다른 레인에 있는 상대 유닛을 1장 골라 트래시한다.,
BT05-074,히이익,번개,스킬,0,-,-,-,,이터널 리턴,,자신의 패에서 아이템 카드를 1장 이상 골라 트래시한다. 그러면 트래시한 수만큼 카드를 드로우한다.,
BT05-075,으아아아!!!,번개,스킬,1,-,-,-,,이터널 리턴,,필드에 있는 아이템을 장착한 자신 유닛을 1장 골라; 이 턴이 끝날 때까지 히트+1.,
BT05-076,마주친 순간!,번개,스킬,2,-,-,-,,이터널 리턴,트리거 / 이 카드를 트래시한다. 자신의 덱에서 1코스트 이하인 아이템 카드를 1장 골라 패에 넣는다. 덱을 섞는다.,카드를 2장 드로우한다. 그러면 자신의 패를 2장 골라 트래시한다. 자신의 트래시 존에서 [트리거] 를 가지지 않고 카드명이 다른 아이템 카드를 2장까지 골라 자신의 패에 넣는다.,
BT05-077,첩보 요원,번개,스킬,2,-,-,-,,이터널 리턴,,자신의 트래시 존에서 아이템 카드를 1장 골라 필드에 있는 자신 유닛에 사이즈를 무시하고 장착한다. 자신의 필드에 [번개] 이외의 카드가 있다면 이 카드를 트래시한다.,
BT05-078,든든하네요.,번개,스킬,3,-,-,-,,이터널 리턴,,필드에 있는 아이템을 장착한 자신 유닛을 1장 골라 트래시한다. 그러면 카드를 2장 드로우하고 자신의 필드에 [번개] 이외의 카드가 있다면 상대에게 1대미지를 준다.,
BT05-079,알타이르,번개,아이템,0,-,-,-,,이터널 리턴,,[장착 조건: 없음]  [패시브] 자신과 상대의 턴마다 1번씩; 이 유닛이 전투나 효과로 트래시될 때 자신의 덱 맨 위에서 카드를 3장 트래시할 수 있다. 이 효과로 트래시한 아이템 카드가 1장 이상이라면 이 유닛은 트래시되지 않는다.,
BT05-080,아스트라페,번개,아이템,1,-,-,-,,이터널 리턴,,[장착 조건: 없음] 파워+1000.\n[액티브: 어택] 필드에 있는 자신 유닛이 장착한 〈아스트라페〉 이외의 아이템을 1장 골라 다른 자신 유닛에 장착한다.,
BT05-081,케르베로스,번개,아이템,1,-,-,-,,이터널 리턴,,[장착 조건: 없음] 파워+2000.\n[패시브] 자신의 필드에 [번개] 이외의 카드가 있다면 추가로 파워+1000.,
BT05-082,프리 버드,번개,아이템,1,-,-,-,,이터널 리턴,,[장착 조건: 없음]  [액티브: 메인] 카드를 1장 드로우한다. 그러면 자신의 패를 1장 골라 트래시한다.,
BT05-083,별 사냥꾼,번개,아이템,2,-,-,-,,이터널 리턴,,[장착 조건: 없음]  [어태커] 카드를 1장 드로우한다.,
BT05-084,악의,번개,아이템,2,-,-,-,,이터널 리턴,,[장착 조건: 없음]  [패시브] 이 유닛이 장착한 아이템 1장마다 파워+1000.,
BT05-085,여의봉,번개,아이템,2,-,-,-,,이터널 리턴,,[장착 조건: 없음] 히트+1.,
BT05-086,이글 아이,번개,아이템,2,-,-,-,,이터널 리턴,,[장착 조건: 없음]  [어태커] 자신의 트래시 존에서 [트리거] 를 가지지 않고 코스트가 이 유닛이 장착한 아이템의 수 이하인 스킬 카드나 아이템 카드를 1장 골라 패에 넣는다.,
BT05-048,슈린,파도,유닛,1,500,1,이펙트,실험체,이터널 리턴,,[패시브]  [이스케이프] 를 가진 모든 자신 유닛의 파워+1500.\n[이스케이프] 자신의 메인 페이즈가 시작할 때 이 유닛을 주인의 덱 맨 아래에 놓는다. 카드를 1장 드로우한다.,
BT05-049,눈꽃축제 시셀라,파도,유닛,2,1500,1,이펙트,눈꽃,이터널 리턴,,[디펜더] 공격한 유닛의 히트-1만큼 자신의 패를 골라 트래시할 수 있다. 그러면 이번 공격을 종료한다.,
BT05-050,비치발리볼 니키,파도,유닛,2,1000,1,이펙트,썸머,이터널 리턴,,[믹스] [어태커] 자신의 필드에 [파도] 이외의 카드가 있다면 침투[1] 을 얻는다.\n[어태커] 자신의 패가 6장 이상이라면 이 공격이 끝날 때까지 돌파 를 얻는다.,
BT05-051,눈꽃축제 하트,파도,유닛,4,2500,2,이펙트,눈꽃,이터널 리턴,,[크레딧: 1] 이 유닛이 배치되면 카드를 1장 드로우한다. 이 유닛이 트래시되면 자신의 패를 1장 골라 트래시한다.\n[엔트리] 조우 유닛이 4코스트 이하라면 자신의 패를 1장 골라 트래시할 수 있다. 그러면 그 유닛을 패로 되돌리고 이 유닛의 히트가 이 턴이 끝날 때까지 1이 된다.,
BT05-052,해변의 점성술사 아디나,파도,유닛,4,4000,2,이펙트,스플래쉬,이터널 리턴,,[엔트리] 조우 유닛이 4코스트 이상이라면 자신의 패를 1장 골라 트래시할 수 있다. 그러면 그 유닛을 패로 되돌리고 이 유닛의 히트가 이 턴이 끝날 때까지 1이 된다.\n[이스케이프] 자신의 메인 페이즈가 시작할 때 이 유닛을 주인의 덱 맨 아래에 놓는다. 카드를 1장 드로우한다.,
BT05-053,청랑일섬 츠바메,파도,유닛,4,4000,2,이펙트,스플래쉬,이터널 리턴,트리거 / 이 카드를 트래시한다. 자신의 덱 맨 위에서 카드를 1장 공개하고; 그중 스킬 카드를 1장 골라 트래시할 수 있다. 그러면 그 카드의 효과를 발동한다. 나머지는 모두 패에 넣는다.,[액티브: 메인] 필드에 있는 자신 유닛을 1장 고르고 자신의 패를 1장 골라 트래시할 수 있다. 그러면 그 유닛은 이 턴이 끝날 때까지 [어태커]  돌파[코스트 초과] (이 유닛보다 코스트가 높은 상대 유닛은 이 유닛의 공격을 방어할 수 없다)를 얻는다.,
BT05-054,해변의 전사 마커스,파도,유닛,5,7000,2,이펙트,스플래쉬,이터널 리턴,,[가디언] 방벽[2] .\n[이스케이프] 자신의 메인 페이즈가 시작할 때 이 유닛을 주인의 덱 맨 아래에 놓는다. 카드를 1장 드로우한다.,
BT05-055,해변의 인형사 클로에,파도,유닛,5,5000,2,이펙트,스플래쉬,이터널 리턴,,[믹스] [엔트리] 자신의 필드에 [파도] 이외의 카드가 있다면 필드에 있는 자신 유닛을 1장 골라 주인의 덱 맨 아래에 놓을 수 있다. 그 유닛이 [이스케이프] 를 가지고 있다면 상대에게 1대미지를 준다.\n[액티브: 메인] 필드에 있는 자신 유닛을 1장 고른다. 그 유닛은 다음 자신의 턴이 끝날 때까지 「 [이스케이프] 자신의 메인 페이즈가 시작할 때 이 유닛을 주인의 덱 맨 아래에 놓는다. 카드를 1장 드로우하고 상대에게 1대미지를 준다」를 얻는다.,
BT05-056,바다의 화가 띠아,파도,유닛,6,4500,2,이펙트,스플래쉬,이터널 리턴,,[액티브: 메인] 자신의 패를 1장 골라 트래시할 수 있다. 그러면 자신의 스킬 존에 있는 스킬의 수만큼 상대에게 대미지를 준다. 이 유닛은 이 턴이 끝날 때까지 공격할 수 없다.,
BT05-057,청랑일섬!,파도,스킬,0,-,-,-,,이터널 리턴,트리거 / 이 카드를 자신의 패에 넣는다.,필드에 있는 [이스케이프] 를 가진 자신 유닛을 1장 고른다. 그 유닛이 가진 [이스케이프] 효과를 하나 골라 발동한다.,
BT05-058,눈꽃축제,파도,스킬,2,-,-,-,,이터널 리턴,,필드에 있는 조우 유닛을 가지고 [이스케이프] 를 가진 자신 유닛을 1장 고른다. 상대는 그 유닛의 조우 유닛을 패로 되돌릴 수 있다. 그렇지 않으면 자신은 고른 유닛의 히트만큼 카드를 드로우한다.,
BT05-059,바다에서 하는 인형극,파도,스킬,3,-,-,-,,이터널 리턴,,필드에 있는 코스트가 자신의 리더 레벨 이상인 상대 유닛을 1장 고른다. 그 유닛은 이 턴이 끝날 때까지 공격을 방어할 수 없다.,
BT05-060,이제 안 참아!,파도,스킬,3,-,-,-,,이터널 리턴,,카드를 2장 드로우한다.,
BT05-061,빙백은침,파도,아이템,1,-,-,-,,이터널 리턴,,[장착 조건: 6코스트 이하인 유닛]  [어태커] 조우 유닛보다 코스트가 3 이상 낮다면 이 공격이 끝날 때까지 돌파 를 얻는다.,
BT05-062,알마스,파도,아이템,2,-,-,-,,이터널 리턴,,[장착 조건: 없음]  [가디언]  방벽[2] .,
ST09-002,선샤인 마린 일레븐,파도,유닛,2,1000,1,이펙트,실험체,이터널 리턴,,[크레딧: 1] 이 유닛이 배치되면 카드를 1장 드로우한다. 이 유닛이 트래시되면 자신의 패를 1장 골라 트래시한다.\n[이스케이프] 자신의 메인 페이즈가 시작할 때 이 유닛을 주인의 덱 맨 아래에 놓는다. 카드를 1장 드로우한다.,-
ST09-003,한여름의 축제 펠릭스,파도,유닛,3,1000,1,이펙트,선셋,이터널 리턴,,[믹스] 자신의 필드에 [파도] 이외의 카드가 있다면 필드에 있는 모든 자신 유닛은 [어태커]  침투[1] (상대 유닛이 이 유닛의 공격을 방어하지 않았다면 카드를 1장 드로우한다)을 얻는다.\n[디펜더] 이 방어가 끝날 때까지 파워+3000.,-
ST09-004,한여름의 꿈 바냐,파도,유닛,4,4000,2,이펙트,선셋,이터널 리턴,,[믹스] [어태커] 자신의 필드에 [파도] 이외의 카드가 있다면 침투[2] (상대 유닛이 이 유닛의 공격을 방어하지 않았다면 카드를 2장 드로우한다)를 얻는다.,-
ST09-005,해변가 키아라,파도,유닛,5,5000,2,이펙트,실험체,이터널 리턴,,[패시브] 자신의 턴이 끝날 때 자신의 패가 8장 이상이라면 7장이 되도록 카드를 골라 트래시한다. 그러면 트래시한 카드의 수만큼 상대에게 대미지를 준다.\n[이스케이프] 자신의 메인 페이즈가 시작할 때 이 유닛을 주인의 덱 맨 아래에 놓는다. 카드를 1장 드로우한다.,-
ST09-006,트로피컬 디멘션 아비게일,파도,유닛,7,8000,3,이펙트,스플래쉬,이터널 리턴,트리거 / 이 카드를 자신의 패에 넣는다.,[패시브] 자신과 상대의 턴마다 1번씩; 필드에 있는 다른 자신 유닛이 자신의 덱 맨 아래에 놓이면 그 유닛의 히트만큼 상대에게 대미지를 줄 수 있다.,-
ST09-007,몽환 나비,파도,스킬,1,-,-,-,,이터널 리턴,,이 턴이 끝날 때까지 자신의 효과로 상대에게 대미지를 줄 때마다 카드를 1장 드로우한다. 자신은 이 턴이 끝날 때까지 〈몽환 나비〉를 발동할 수 없다.,-
ST09-008,제대로 그려볼까?,파도,스킬,2,-,-,-,,이터널 리턴,트리거 / 이 카드를 트래시한다. 자신의 덱 맨 위에서 카드를 1장 공개하고; 그중 스킬 카드를 1장 골라 트래시할 수 있다. 그러면 그 카드의 효과를 발동한다. 나머지는 모두 패에 넣는다.,자신의 덱 맨 위에서 카드를 5장 트래시한다. 이 효과로 트래시한 카드 중 스킬 카드를 1장 골라 효과를 발동할 수 있다.,-
ST09-009,만년한파,파도,아이템,0,-,-,-,,이터널 리턴,,[장착 조건: 없음]  [어태커]  침투[1] (상대 유닛이 이 유닛의 공격을 방어하지 않았다면 카드를 1장 드로우한다).,-
BT05-033,봄버 래빗 셀린,폭풍,유닛,1,1000,1,이펙트,럭키,이터널 리턴,,[엑시트] 필드에 있는 상대 유닛을 1장 골라; 이 턴이 끝날 때까지 파워-2000. 자신의 필드에 [폭풍] 이외의 카드가 있다면 추가로 파워-2000.,
BT05-034,고스트헌터 아이솔,폭풍,유닛,2,2500,1,이펙트,고스트헌터,이터널 리턴,,[엔트리] 필드에 있는 다른 자신 유닛을 1장 고른다. 그 유닛은 상대의 턴이 끝날 때까지 [엑시트]  귀환 을 얻는다.,
BT05-035,블레어,폭풍,유닛,3,1000,1,이펙트,실험체,이터널 리턴,,[액티브: 메인] 필드에 있는 자신 유닛을 1장 골라 트래시한다. 그러면 이 턴이 끝날 때까지 [어태커]  돌파 를 얻는다.,
BT05-036,고스트헌터 키아라,폭풍,유닛,4,4000,2,이펙트,고스트헌터,이터널 리턴,,[크레딧: 1] 이 유닛이 배치되면 카드를 1장 드로우한다. 이 유닛이 트래시되면 자신의 패를 1장 골라 트래시한다.\n[엔트리] 자신의 트래시 존에서 [엑시트] 를 가지고 [트리거] 를 가지지 않은 유닛 카드를 1장 골라 그 카드가 가진 [엑시트] 효과를 하나 골라 발동할 수 있다. 그러면 그 카드를 덱 맨 아래에 놓는다.,
BT05-037,포커페이스 바니 아비게일,폭풍,유닛,4,4000,2,이펙트,럭키,이터널 리턴,,[믹스] 자신의 필드에 [폭풍] 이외의 카드가 있다면 파워+2000.\n[믹스] [엑시트] 자신의 필드에 [폭풍] 이외의 카드가 있다면 자신의 트래시 존에서 [트리거] 를 가지지 않고 2코스트 이하인 유닛 카드를 1장 골라 비어 있는 자신의 유닛 존에 사이즈를 무시하고 배치한다.,
BT05-038,럭셔리 바니 제니,폭풍,유닛,5,5500,2,이펙트,럭키,이터널 리턴,,[엔트리] 필드에 있는 자신 유닛을 1장 골라 트래시한다.\n[믹스] [엑시트] 자신의 필드에 [폭풍] 이외의 카드가 있다면 필드에 있는 조우 유닛을 가지지 않은 상대 유닛을 1장 골라 트래시한다.,
BT05-039,퍼펙트 샷 바니 리오,폭풍,유닛,6,6500,2,이펙트,럭키,이터널 리턴,,[엔트리] 자신의 트래시 존에서 [엑시트] 를 가지고 [트리거] 를 가지지 않은 유닛 카드를 1장 골라 그 카드가 가진 [엑시트] 효과를 하나 골라 발동할 수 있다. 그러면 그 카드를 덱 맨 아래에 놓는다.\n[믹스] [엑시트] 자신의 필드에 [폭풍] 이외의 카드가 있다면 자신의 트래시 존에서 [트리거] 를 가지지 않고 2코스트 이하인 유닛 카드를 1장 골라 비어 있는 자신의 유닛 존에 사이즈를 무시하고 배치한다.,
BT05-040,고스트헌터 재키,폭풍,유닛,7,8000,3,이펙트,고스트헌터,이터널 리턴,,[엔트리] 필드에 있는 다른 자신 유닛을 1장 골라 트래시한다. 그렇지 않으면 자신의 패를 1장 골라 트래시한다.\n[믹스] [엑시트] 자신의 필드에 [폭풍] 이외의 카드가 있다면 필드에 있는 상대 유닛 중 코스트가 가장 낮은 유닛을 1장 골라 트래시한다.,
BT05-041,언럭키 바니 니키,폭풍,유닛,7,7500,3,이펙트,럭키,이터널 리턴,트리거 / 이 카드를 자신의 패에 넣는다.,[믹스] [엑시트] 자신의 필드에 [폭풍] 이외의 카드가 있다면 자신의 트래시 존에서 [트리거] 를 가지지 않은 카드를 9장까지 골라 덱 맨 아래에 놓을 수 있다. 그러면 이 효과로 되돌린 카드 3장마다 상대에게 1대미지를 준다.\n[믹스] [엑시트] 자신의 필드에 [폭풍] 이외의 카드가 있다면 귀환 을 얻는다.,
BT05-042,깡총깡총,폭풍,스킬,1,-,-,-,,이터널 리턴,,자신의 트래시 존에서 [엑시트] 를 가지고 [트리거] 를 가지지 않은 유닛 카드를 1장 골라 덱 맨 아래에 놓는다. 그러면 그 카드의 코스트 이하인 자신 유닛을 필드에서 1장 골라; 이 턴이 끝날 때까지 히트+1.,
BT05-043,당첨이야.,폭풍,스킬,2,-,-,-,,이터널 리턴,,자신의 패에서 유닛 카드를 1장 골라 트래시한다. 그러면 그 카드보다 코스트가 낮은 유닛을 필드에서 1장 골라 트래시한다.,
BT05-044,토끼 등장이에요.,폭풍,스킬,2,-,-,-,,이터널 리턴,트리거 / 이 카드를 트래시한다. 자신의 트래시 존에서 [엑시트] 를 가지고 [트리거] 를 가지지 않은 유닛 카드를 1장 골라 그 카드가 가진 [엑시트] 효과를 하나 골라 발동할 수 있다. 그러면 그 카드를 덱 맨 아래에 놓는다.,자신의 트래시 존에서 [엑시트] 를 가지고 [트리거] 를 가지지 않은 유닛 카드를 1장 골라 그 카드가 가진 [엑시트] 효과를 하나 골라 발동할 수 있다. 그러면 그 카드를 덱 맨 아래에 놓는다. 이 스킬의 효과는 자신의 필드에 [폭풍] 이외의 카드가 있다면 1번만 더 처리할 수 있다.,
BT05-045,구원의 손길,폭풍,스킬,3,-,-,-,,이터널 리턴,,필드에 있는 자신 유닛을 1장 골라 트래시한다. 그러면 카드를 2장 드로우한다.,
BT05-046,마탄의 사수,폭풍,아이템,0,-,-,-,,이터널 리턴,,[장착 조건: 없음] 파워+2000.\n[패시브] 상대의 턴이 끝날 때 자신의 패를 1장 골라 트래시할 수 있다. 그렇지 않으면 이 유닛을 트래시한다.,
BT05-047,타나토스,폭풍,아이템,2,-,-,-,,이터널 리턴,,[장착 조건: 3코스트 이상인 유닛]  [엑시트]  귀환 .,
ST09-010,구원받지 못한 이안,폭풍,유닛,1,1000,1,이펙트,체인지,이터널 리턴,,[엑시트] 필드에 있는 자신 유닛을 1장 골라; 이 턴이 끝날 때까지 히트+1.,-
ST09-011,고스트헌터 혜진,폭풍,유닛,2,2000,1,이펙트,고스트헌터,이터널 리턴,,[엑시트] 카드를 1장 드로우한다.,-
ST09-012,프리즌 브레이크 캐시,폭풍,유닛,3,3500,1,이펙트,프리즌,이터널 리턴,트리거 / 이 카드를 트래시한다. 자신의 트래시 존에서 [엑시트] 를 가지고 [트리거] 를 가지지 않은 유닛 카드를 1장 골라 그 카드가 가진 [엑시트] 효과를 하나 골라 발동할 수 있다. 그러면 그 카드를 덱 맨 아래에 놓는다.,[엔트리] 필드에 있는 다른 자신 유닛 1장과 그 유닛의 코스트 이하인 상대 유닛을 1장 고를 수 있다. 그러면 고른 유닛을 모두 트래시한다.\n[엑시트] 필드에 있는 2코스트 이하인 유닛을 1장 골라 트래시할 수 있다.,-
ST09-013,매지컬 래빗 엠마,폭풍,유닛,4,4500,2,이펙트,실험체,이터널 리턴,트리거 / 이 카드를 자신의 패에 넣는다.,[패시브] 자신과 상대의 턴마다 1번씩; 필드에 있는 유닛이 자신의 효과로 트래시되면 자신의 패를 1장 골라 트래시할 수 있다. 그러면 그 효과로 트래시된 유닛의 수만큼 상대에게 대미지를 준다.,-
ST09-014,고스트헌터 유키,폭풍,유닛,6,2000,2,이펙트,고스트헌터,이터널 리턴,,[크레딧: 1] 이 유닛이 배치되면 카드를 1장 드로우한다. 이 유닛이 트래시되면 자신의 패를 1장 골라 트래시한다.\n[엔트리] 조우 유닛의 히트만큼 자신의 패를 골라 트래시할 수 있다. 그러면 조우 유닛을 트래시한다.,-
ST09-015,과거는 중요하지 않아.,폭풍,스킬,3,-,-,-,,이터널 리턴,,필드에 있는 자신 유닛 1장과 그 유닛보다 코스트가 낮은 상대 유닛을 1장 고른다. 그러면 고른 유닛을 모두 트래시한다.,-
ST09-016,운명의 인도,폭풍,스킬,4,-,-,-,,이터널 리턴,,필드에 있는 자신 유닛을 1장 골라 트래시한다. 그러면 상대에게 1대미지를 준다. 자신의 필드에 [폭풍] 이외의 카드가 있다면 카드를 1장 드로우할 수 있다.,-
ST09-017,생사부,폭풍,아이템,2,-,-,-,,이터널 리턴,,[장착 조건: 없음]  [엑시트] 카드를 2장 드로우한다.,-
BT05-002,스위트 데빌 레니,화염,유닛,1,1000,1,이펙트,실험체,이터널 리턴,,[믹스] [어태커] 자신의 필드에 [화염] 이외의 카드가 있다면 이 공격이 끝날 때까지 조우 유닛의 파워-2000.,
BT05-003,사격 교관 테오도르,화염,유닛,2,2500,1,이펙트,아카데미,이터널 리턴,,[크레딧: 1] 이 유닛이 배치되면 카드를 1장 드로우한다. 이 유닛이 트래시되면 자신의 패를 1장 골라 트래시한다.\n[믹스] [엔트리] 자신의 필드에 [화염] 이외의 카드가 있다면 이 턴이 끝날 때까지 조우 유닛의 파워-4000.,
BT05-004,발렌타인 로지,화염,유닛,3,2000,1,이펙트,발렌타인,이터널 리턴,,[패시브] 필드에 있는 모든 자신 유닛은 [어태커]  약탈[1] 과 「 [어태커] 이 공격이 끝날 때까지 파워+2000」을 얻는다.\n[이스케이프] 자신의 메인 페이즈가 시작할 때 이 유닛을 주인의 덱 맨 아래에 놓는다. 이 턴 동안 자신이 다음에 패에서 배치하는 유닛 1장은 이 턴이 끝날 때까지 [어태커]  관통[1] 을 얻는다.,
BT05-005,비터스윗 라우라,화염,유닛,3,5000,1,이펙트,발렌타인,이터널 리턴,트리거 / 이 카드를 트래시한다. 코스트 합이 2코스트 이하가 되도록 자신의 트래시 존에서 [트리거] 를 가지지 않은 카드를 2장까지 골라 패에 넣는다.,[이스케이프] 자신의 메인 페이즈가 시작할 때 필드에 있는 상대 유닛을 2장까지 고른다. 이 턴이 끝날 때까지 고른 유닛의 파워가 이 유닛의 파워만큼 감소한다. 이 유닛을 주인의 덱 맨 아래에 놓는다.,
BT05-006,발렌타인 타지아,화염,유닛,4,4500,2,이펙트,발렌타인,이터널 리턴,,[크레딧: 1] 이 유닛이 배치되면 카드를 1장 드로우한다. 이 유닛이 트래시되면 자신의 패를 1장 골라 트래시한다.\n[패시브] 필드에 있는 다른 모든 자신 유닛은 「 [어태커] 이 공격이 끝날 때까지 파워+3000」을 얻는다.,
BT05-007,용 다이린,화염,유닛,4,4500,2,이펙트,실험체,이터널 리턴,,[엔트리] 이 턴이 끝날 때까지 상대는 [디펜더] 와 [엑시트] 효과를 발동할 수 없다.\n[어태커] 이 공격이 끝날 때까지 파워+2000.,
BT05-008,심연의 마왕 레녹스,화염,유닛,4,4000,2,이펙트,레기온,이터널 리턴,,[크레딧: 1] 이 유닛이 배치되면 카드를 1장 드로우한다. 이 유닛이 트래시되면 자신의 패를 1장 골라 트래시한다.\n[믹스] [액티브: 메인] 자신의 필드에 [화염] 이외의 카드가 있다면 필드에 있는 상대 유닛을 1장 골라; 이 턴이 끝날 때까지 파워-2000. 이 효과는 이 턴 동안 발동한 스킬의 수만큼 추가로 처리한다.,
BT05-009,멧현우,화염,유닛,5,1000,2,이펙트,파자마,이터널 리턴,,[크레딧: 1] 이 유닛이 배치되면 카드를 1장 드로우한다. 이 유닛이 트래시되면 자신의 패를 1장 골라 트래시한다.\n[어태커] 이 공격이 끝날 때까지 조우 유닛의 파워-4000. 이 효과로 그 유닛을 트래시했다면 자신의 트래시 존에서 [트리거] 를 가지지 않고 2코스트 이하인 스킬 카드를 1장 골라 패에 넣는다.,
BT05-010,몽환의 악마 시셀라,화염,유닛,6,3000,2,이펙트,레기온,이터널 리턴,,[엔트리] 자신의 트래시 존에서 〈몽환의 악마 시셀라〉 이외의 [트리거] 를 가지지 않은 카드를 1장 골라 덱 맨 아래에 놓는다. 그러면 이 턴이 끝날 때까지 조우 유닛의 파워-1000. 이 효과는 조우 유닛이 있다면 추가로 발동할 수 있다.,
BT05-011,훈련소장 카티야,화염,유닛,9,7500,3,이펙트,아카데미,이터널 리턴,트리거 / 이 카드를 트래시한다. 코스트 합이 2코스트 이하가 되도록 자신의 트래시 존에서 [트리거] 를 가지지 않은 카드를 2장까지 골라 패에 넣는다.이 카드를 트래시한다.,[믹스] [엔트리] 자신의 필드에 [화염] 이외의 카드가 있고 2코스트 이상인 스킬이 2장 이상이라면 그중 1장을 골라 트래시한다. 이 효과로 트래시한 스킬의 효과를 발동할 수 있다.\n[어태커]  관통[X: 이 턴 동안 발동한 스킬의 수] . X가 3 이상이라면 추가로 이 공격이 끝날 때까지 듀얼리스트 를 얻는다.,
BT05-012,모두 집중.,화염,스킬,2,-,-,-,,이터널 리턴,,필드에 있는 상대 유닛을 1장 골라; 자신의 턴이 끝날 때까지 파워-3000.,
BT05-013,이 맛이지~,화염,스킬,2,-,-,-,,이터널 리턴,,필드에 있는 [트리거] 를 가지지 않은 자신 유닛을 1장 고른다. 그러면 자신의 트래시 존에서 그 유닛보다 코스트가 낮고 [트리거] 를 가지지 않은 카드를 1장 골라 패에 넣는다. 고른 유닛을 주인의 덱 맨 아래에 놓는다.,
BT05-014,활약할 시간이야.,화염,스킬,2,-,-,-,,이터널 리턴,,필드에 있는 코스트가 자신의 리더 레벨 이하인 모든 자신 유닛은 이 턴이 끝날 때까지 [어태커]  듀얼리스트 를 얻는다.,
BT05-015,꽤 아플걸.,화염,스킬,3,-,-,-,,이터널 리턴,,필드에 있는 상대 유닛을 1장 고른다. 그 유닛은 이 턴이 끝날 때까지 「 [패시브] 이 유닛이 트래시되면 자신의 트래시 존에 있는 이 카드를 대미지 존에 놓는다」를 얻는다.,
BT05-016,주작자문,화염,아이템,0,-,-,-,,이터널 리턴,,[장착 조건: 없음]  [패시브] 자신의 턴 동안 파워+1000.,
BT05-017,현자총통,화염,아이템,1,-,-,-,,이터널 리턴,,[장착 조건: 어태커를 가진 유닛]  [믹스] [어태커] 자신의 필드에 [화염] 이외의 카드가 있다면 관통[1] 을 얻는다.,
ST08-011,유스티나,화염,유닛,1,1500,1,이펙트,실험체,이터널 리턴,,[크레딧: 1] 이 유닛이 배치되면 카드를 1장 드로우한다. 이 유닛이 트래시되면 자신의 패를 1장 골라 트래시한다.\n[어태커] 이 공격이 끝날 때까지 파워+2000.,-
ST08-012,발렌타인 이바,화염,유닛,2,2000,1,이펙트,발렌타인,이터널 리턴,,[크레딧: 1] 이 유닛이 배치되면 카드를 1장 드로우한다. 이 유닛이 트래시되면 자신의 패를 1장 골라 트래시한다.\n[어태커] 이 공격이 끝날 때까지 파워+3000.,-
ST08-013,작전 교관 라우라,화염,유닛,5,4000,2,이펙트,아카데미,이터널 리턴,,[크레딧: 2] 이 유닛이 배치되면 카드를 2장 드로우한다. 이 유닛이 트래시되면 자신의 패를 2장 골라 트래시한다.\n[어태커] 이 공격이 끝날 때까지 파워+4000.,-
ST08-014,타락의 유열 샬럿,화염,유닛,6,11000,2,이펙트,레기온,이터널 리턴,트리거 / 이 카드를 자신의 패에 넣는다.,[패시브] 자신의 패 1장마다 파워-1000.\n[액티브: 어택] 이 유닛의 파워가 11000 이상이라면 이 턴의 어택 페이즈 중 1번 더 공격할 수 있다.,-
ST08-015,전체 주목!,화염,스킬,1,-,-,-,,이터널 리턴,,필드에 있는 자신 유닛을 1장 골라; 자신의 턴이 끝날 때까지 파워+2000. 그 유닛이 [어태커] 를 가지고 있다면 자신의 트래시 존에서 [트리거] 를 가지지 않고 2코스트인 스킬 카드를 1장 골라 패에 넣는다.,-
ST08-016,타락의 유열 속으로,화염,스킬,4,-,-,-,,이터널 리턴,트리거 / 이 카드를 자신의 패에 넣는다.,자신의 스킬 존에 있는 스킬을 모두 트래시한다. 이 효과로 트래시한 스킬이 3장 이상이라면 상대에게 1대미지를 준다. 자신은 이 턴이 끝날 때까지 〈타락의 유열 속으로〉를 발동할 수 없다.,-
ST08-017,더 썬,화염,아이템,2,-,-,-,,이터널 리턴,,[장착 조건: 없음]  [어태커] 자신과 상대의 패 장수가 다르다면 이 공격이 끝날 때까지 그 차이 1장마다 조우 유닛의 파워-1000.,-
